HEAD,HANDL,HANDR
-0.05428783;1.726178;-0.06713232;0.02027516;-0.04631645;0.02008827;0.998519,-0.2587007;0.9435137;0.19729;0.2344207;0.3839001;0.5392497;0.7119532,0.1985494;0.9518167;0.03622439;0.2446258;-0.3956718;-0.4337542;0.7716601
-0.05467951;1.72621;-0.06699656;0.02034735;-0.04589634;0.02043959;0.9985298,-0.2585205;0.943524;0.1973589;0.2344383;0.3840348;0.539266;0.7118624,0.1989722;0.9519916;0.03571551;0.2317172;-0.3956766;-0.4354866;0.7746604
-0.05513266;1.72627;-0.06688544;0.02046123;-0.04558544;0.020766;0.998535,-0.2581898;0.9435399;0.1974181;0.2344679;0.3842094;0.5393283;0.7117113,0.1993852;0.9521701;0.03527042;0.2200578;-0.3960423;-0.4369417;0.7770503
-0.05556338;1.726329;-0.06676741;0.0206211;-0.04533436;0.0210977;0.9985362,-0.2579705;0.9435498;0.1974316;0.2344869;0.3843057;0.5393955;0.7116021,0.1998167;0.9523285;0.0347998;0.2092663;-0.3970658;-0.4381035;0.7788528
-0.05585362;1.726354;-0.06656347;0.02066108;-0.04528622;0.02138681;0.9985314,-0.2577368;0.9435614;0.1974425;0.2345102;0.3844202;0.5395193;0.7114387,0.2002487;0.9524864;0.03435235;0.2000501;-0.3988418;-0.4388981;0.779919
-0.05616526;1.726344;-0.06640717;0.02066046;-0.04539048;0.02168703;0.9985202,-0.2575936;0.9435679;0.1974819;0.2345257;0.3844891;0.5396233;0.7113175,0.2005253;0.9525825;0.03405474;0.1947245;-0.40048;-0.4391556;0.7802823
-0.05647254;1.726345;-0.06622213;0.02066027;-0.04573938;0.02211617;0.9984949,-0.2575888;0.9435725;0.1974772;0.2345321;0.384525;0.5396924;0.7112435,0.2009023;0.9526939;0.03358152;0.1878902;-0.4036667;-0.438978;0.7804159
-0.05666652;1.726319;-0.06594984;0.02061548;-0.0462686;0.02248788;0.9984631,-0.257728;0.9435751;0.1975094;0.2345305;0.3845413;0.5397332;0.7112042,0.2012274;0.952754;0.03305224;0.1823251;-0.4077675;-0.4380476;0.7801266
-0.05691077;1.726273;-0.06569213;0.02056971;-0.04693588;0.02286088;0.9984244,-0.2578168;0.9435768;0.1976267;0.2345204;0.384546;0.5397601;0.7111847,0.2014925;0.9527715;0.03249622;0.1780168;-0.4126044;-0.4364458;0.779476
-0.0572238;1.726197;-0.06542435;0.02055561;-0.04779516;0.02305585;0.9983795,-0.2578496;0.9435786;0.1977216;0.2345;0.3845397;0.5397958;0.7111676,0.2016907;0.9527086;0.03184549;0.1743479;-0.418265;-0.43399;0.778659
-0.05758441;1.726082;-0.06488885;0.02063737;-0.04860634;0.0232545;0.998334,-0.2578706;0.9435804;0.1977657;0.234473;0.3845221;0.5398408;0.711152,0.2017916;0.9526023;0.03131251;0.1719198;-0.4226112;-0.431771;0.7780856
-0.05805288;1.725982;-0.06387739;0.02099221;-0.04953721;0.02353058;0.9982744,-0.2579747;0.9435858;0.1979816;0.2343735;0.3844311;0.5400033;0.7111105,0.2019155;0.9523224;0.03032964;0.1677011;-0.4302878;-0.427473;0.7771716
-0.05845475;1.726089;-0.06330708;0.0216386;-0.05050226;0.02384589;0.9982048,-0.2582171;0.9435737;0.1985625;0.2341114;0.3841651;0.5403965;0.711042,0.2018615;0.9520696;0.02994056;0.1643934;-0.4359189;-0.4241874;0.7765402
-0.058782;1.726244;-0.06310962;0.02222871;-0.05139381;0.02390169;0.9981449,-0.2582681;0.9435845;0.1986105;0.233797;0.3838522;0.5408229;0.7109902,0.2019236;0.9514552;0.02857841;0.1564442;-0.4476368;-0.4171838;0.7753091
-0.05916258;1.726404;-0.06276811;0.02290125;-0.05231971;0.02397727;0.9980798,-0.2583416;0.9436057;0.1986275;0.2331455;0.3832562;0.5415946;0.7109382,0.2020164;0.9511309;0.02771597;0.1519898;-0.4533001;-0.4137749;0.7747313
-0.05958197;1.726596;-0.06250198;0.02360254;-0.05312151;0.02420502;0.9980156,-0.2584794;0.9436282;0.1987875;0.232397;0.3826539;0.5423378;0.7109411,0.2021817;0.9506536;0.02639985;0.1448365;-0.4612736;-0.4090885;0.7738835
-0.05998637;1.726823;-0.0622929;0.02431244;-0.05395484;0.02445583;0.9979478,-0.2586691;0.9436568;0.199077;0.2316213;0.3821229;0.5429885;0.7109833,0.2023173;0.9501918;0.02519378;0.1371537;-0.4685083;-0.4049659;0.7731051
-0.06043531;1.727013;-0.06209531;0.02486918;-0.05474878;0.02482072;0.9978818,-0.2588556;0.943723;0.1993343;0.2308565;0.381696;0.5435318;0.7110462,0.2024119;0.9497744;0.0240452;0.1292107;-0.4746959;-0.4015052;0.7725037
-0.06090735;1.727105;-0.06182287;0.02532371;-0.05551568;0.02516303;0.9978194,-0.2590005;0.9437727;0.1995012;0.2303342;0.3814514;0.5438589;0.7110967,0.2024403;0.9494929;0.02328184;0.1236718;-0.4784565;-0.3993813;0.7721913
-0.06142072;1.727139;-0.06159252;0.02573181;-0.05613355;0.02549462;0.997766,-0.2592212;0.9438271;0.1997777;0.2295542;0.3811345;0.544309;0.7111745,0.2024106;0.949097;0.02221607;0.1154225;-0.4834529;-0.3964813;0.7718509
-0.06191751;1.727195;-0.06143277;0.02623093;-0.05657855;0.02578487;0.9977204,-0.2594685;0.9438601;0.2001025;0.22878;0.3808432;0.5447381;0.7112514,0.2023235;0.9486904;0.02121253;0.1072115;-0.4881527;-0.3935519;0.771576
-0.06251603;1.727229;-0.06124933;0.02677465;-0.05699272;0.02603764;0.9976758,-0.2596447;0.943882;0.2002953;0.2282405;0.380644;0.5450394;0.7113006,0.2022476;0.9482128;0.02012685;0.09885079;-0.4931909;-0.3901974;0.7711922
-0.06331718;1.727259;-0.06097464;0.02738522;-0.05736784;0.02632951;0.9976301,-0.25993;0.9439151;0.2005455;0.2274277;0.3803256;0.5455352;0.7113511,0.2021956;0.9478692;0.01937925;0.09346054;-0.496805;-0.3876732;0.7708174
-0.06409457;1.727311;-0.0607797;0.02805186;-0.05764392;0.02667235;0.9975865,-0.2605085;0.9439533;0.2007782;0.2265711;0.3799555;0.5461338;0.711363,0.2020257;0.9472623;0.01820402;0.08533308;-0.5030448;-0.3832955;0.7699019
-0.06472241;1.727321;-0.06064476;0.02855775;-0.05792721;0.02701782;0.9975465,-0.2610594;0.943997;0.2010286;0.2256542;0.3794959;0.5468439;0.7113543,0.201813;0.9466015;0.01699453;0.07763169;-0.509945;-0.3783605;0.7686175
-0.06542552;1.727323;-0.06042276;0.02905087;-0.05825631;0.02742474;0.997502,-0.2614052;0.9440287;0.2011362;0.2249994;0.3791171;0.547358;0.7113681,0.2016612;0.9458445;0.01565941;0.07013437;-0.5174887;-0.3725824;0.7671173
-0.06630947;1.7273;-0.06006756;0.02952274;-0.05862593;0.02792624;0.9974526,-0.2621084;0.9440874;0.2012848;0.2237348;0.3782479;0.5482793;0.7115204,0.2015262;0.9450155;0.01427356;0.062592;-0.5254166;-0.3664451;0.7653351
-0.0670372;1.72731;-0.05986006;0.03004834;-0.05892115;0.02843663;0.9974051,-0.2629308;0.9441225;0.2014472;0.2228785;0.3775562;0.5488107;0.7117466,0.2012343;0.9441324;0.0129475;0.05442012;-0.5332042;-0.3602126;0.7635304
-0.06763355;1.727355;-0.05971466;0.03068286;-0.05916285;0.02892901;0.9973572,-0.2633913;0.9441432;0.201547;0.2223408;0.3770961;0.5490865;0.7119461,0.2010818;0.9435222;0.01204491;0.04895605;-0.5382989;-0.3559883;0.7623057
-0.06825933;1.727459;-0.05947601;0.0315269;-0.05949763;0.02943104;0.9972963,-0.2638473;0.9441611;0.2016328;0.2218278;0.3766318;0.5493103;0.7121791,0.2008701;0.9426465;0.01075716;0.041405;-0.5456297;-0.3498245;0.7603925
-0.06890406;1.727513;-0.059273;0.03259927;-0.05962015;0.02988951;0.9972409,-0.264754;0.9441973;0.2018202;0.2207333;0.3755523;0.5497712;0.7127334,0.2007409;0.9417429;0.009501666;0.03428061;-0.5530691;-0.3434969;0.7582542
-0.07034316;1.727552;-0.05892395;0.03458585;-0.05957831;0.03057401;0.9971557,-0.2658968;0.9442455;0.2020588;0.2190396;0.3736584;0.5506832;0.7135468,0.2005646;0.9396667;0.006864369;0.02027128;-0.5690931;-0.3294146;0.7531322
-0.0709656;1.727655;-0.0586444;0.03567006;-0.05965931;0.03101798;0.997099,-0.2663732;0.9442663;0.2021229;0.2182057;0.3727148;0.551216;0.7138843,0.2820459;1.163228;0.1652469;0.01530389;-0.5747671;-0.3244215;0.7511054
-0.07164166;1.727742;-0.05832236;0.03673111;-0.05968725;0.03157978;0.9970411,-0.2672533;0.944313;0.2022694;0.2162637;0.3706371;0.5524566;0.7145976,0.2744283;1.182864;0.2013528;0.007750791;-0.5831214;-0.3172547;0.7478361
-0.07238866;1.727767;-0.05807637;0.03769246;-0.05989841;0.03197391;0.99698,-0.2678625;0.9443508;0.2024097;0.2147361;0.3690929;0.5533772;0.7151451,0.2531105;1.184273;0.2199802;8.871593E-05;-0.5912399;-0.3103508;0.744391
-0.07308745;1.727734;-0.0578362;0.03853725;-0.06026724;0.03232137;0.9969143,-0.2683276;0.9443758;0.2024743;0.2137197;0.3681101;0.5539547;0.7155089,0.2239933;1.184973;0.2388987;-0.007291939;-0.5988214;-0.3038948;0.7409506
-0.07383113;1.727741;-0.05763161;0.03964022;-0.06062489;0.03269219;0.9968373,-0.2690638;0.9444118;0.2025523;0.2121959;0.3667387;0.5547405;0.7160578,0.3566466;1.238128;0.176366;-0.01209973;-0.6036083;-0.2999434;0.7386099
-0.07457756;1.7278;-0.05740469;0.04095064;-0.06106554;0.03313634;0.9967427,-0.269789;0.9444462;0.2026182;0.2106651;0.3654749;0.5554373;0.7166154,0.3942336;1.262673;0.1614806;-0.01906951;-0.6107042;-0.2941433;0.7349533
-0.07539167;1.727865;-0.05716459;0.04242014;-0.06141911;0.03368919;0.996641,-0.2705377;0.9444818;0.2026848;0.2090544;0.3642007;0.5561406;0.7171902,0.4143195;1.277114;0.1540529;-0.02354803;-0.6155304;-0.2902847;0.7323269
-0.0762199;1.727981;-0.05691499;0.04407127;-0.06179976;0.03433328;0.9965239,-0.2710538;0.944507;0.2027471;0.2079586;0.363338;0.5566434;0.7175562,0.4413419;1.297708;0.1440744;-0.02968533;-0.6226244;-0.2848935;0.7282125
-0.07710715;1.728061;-0.05662204;0.04587668;-0.0623505;0.03513009;0.9963803,-0.271863;0.9445503;0.2028556;0.2060888;0.3618675;0.5575401;0.7181423,0.4645889;1.317862;0.1363499;-0.03579603;-0.6301271;-0.2794878;0.7235643
-0.07799519;1.728117;-0.05632094;0.04777333;-0.06314012;0.03623406;0.9962019,-0.2726963;0.9445986;0.202968;0.204074;0.360253;0.5585262;0.7187629,0.4819779;1.336432;0.1306855;-0.04180997;-0.6378316;-0.2742909;0.7184619
-0.07882848;1.728175;-0.05601788;0.04962646;-0.0640668;0.0373849;0.9960096,-0.2735731;0.9446492;0.2030701;0.2020066;0.3585222;0.5595213;0.719438,0.4938113;1.353639;0.1270646;-0.0478684;-0.6459054;-0.2694095;0.7126943
-0.07968271;1.728275;-0.05568087;0.0516977;-0.0652685;0.03879455;0.9957722,-0.2744112;0.9447029;0.2031738;0.1999875;0.3566937;0.5604944;0.7201532,0.4974732;1.366806;0.1268803;-0.05372967;-0.6541769;-0.2651451;0.7063029
-0.08077574;1.728355;-0.05530484;0.05384089;-0.06654228;0.04011082;0.9955222,-0.2749625;0.9447392;0.2032373;0.1986794;0.3554555;0.5611245;0.7206367,0.4987382;1.375821;0.1274431;-0.05749009;-0.6600316;-0.2624784;0.70154
-0.0818392;1.728486;-0.05491665;0.05624154;-0.06800131;0.04158035;0.9952306,-0.2760565;0.9447944;0.2032581;0.1967086;0.3535266;0.5620499;0.7214046,0.4971915;1.387911;0.1288801;-0.06276478;-0.6692358;-0.2586591;0.6937432
-0.08273092;1.728582;-0.05456081;0.05846226;-0.0693983;0.04284467;0.9949525,-0.2770583;0.9448501;0.2033451;0.1947385;0.351488;0.5629688;0.7222183,0.4887747;1.395501;0.1368044;-0.06784181;-0.6785299;-0.2547866;0.6856227
-0.08378959;1.728628;-0.05420167;0.06061029;-0.07062846;0.04399309;0.9946872,-0.2779282;0.9449123;0.2034638;0.1927444;0.3492172;0.563992;0.723056,0.4749081;1.40332;0.1456636;-0.07297019;-0.6875832;-0.2504045;0.6776446
-0.08507936;1.728537;-0.05384462;0.06258473;-0.07163932;0.0448389;0.9944549,-0.2788808;0.9449785;0.2035491;0.1907298;0.3467371;0.5651222;0.7239009,0.4556582;1.409904;0.1569071;-0.07841646;-0.6961734;-0.2451843;0.6701329
-0.08605356;1.728588;-0.05348034;0.06466261;-0.07256058;0.04561735;0.9942197,-0.2798292;0.9450165;0.2035175;0.1893936;0.3450665;0.5658762;0.7244607,0.4401472;1.413312;0.1655761;-0.0822027;-0.7015755;-0.2414356;0.6653897
-0.08692143;1.728674;-0.05311991;0.06676501;-0.0732115;0.0462785;0.9940025,-0.2808468;0.945069;0.2035891;0.1873171;0.3425922;0.566984;0.7253081,0.4099725;1.415447;0.1816271;-0.08823639;-0.709303;-0.2357197;0.6584374
-0.08796749;1.728692;-0.05263303;0.06905463;-0.07387502;0.04713615;0.9937566,-0.2818049;0.9451218;0.2036479;0.1851386;0.3401816;0.5680805;0.7261437,0.3903758;1.416761;0.1922207;-0.092316;-0.7141759;-0.2319487;0.6539346
-0.08896595;1.728668;-0.05212916;0.07130498;-0.07412916;0.04790008;0.9935422,-0.2828552;0.945174;0.2037184;0.1829544;0.3378204;0.5691606;0.7269534,0.3720038;1.42306;0.2026572;-0.09794626;-0.7208737;-0.2264863;0.647651
-0.08983238;1.728731;-0.05171737;0.07349601;-0.07428735;0.048839;0.9933249,-0.283584;0.9452032;0.2037977;0.1815138;0.3362822;0.5698478;0.7274892,0.3402047;1.424795;0.2192568;-0.1029418;-0.7270314;-0.2212632;0.6417718
-0.09065709;1.728879;-0.05134707;0.07585787;-0.07431006;0.0495894;0.9931085,-0.2845426;0.9452521;0.2039135;0.179393;0.3340144;0.5707794;0.7283292,0.3070138;1.426075;0.2364544;-0.1073282;-0.7328911;-0.2163366;0.6360423
-0.09152037;1.729001;-0.05119852;0.07811441;-0.07424525;0.05010607;0.9929125,-0.2854554;0.9453038;0.20401;0.1774145;0.3318753;0.5716079;0.7291415,0.2785627;1.42686;0.25172;-0.1113426;-0.7384856;-0.2120176;0.6303098
-0.09237922;1.729129;-0.05102076;0.08018351;-0.07389805;0.05048757;0.9927541,-0.2864198;0.9453627;0.2039215;0.1754929;0.3297869;0.5723873;0.7299421,0.2466031;1.428252;0.2676392;-0.1154085;-0.7440768;-0.2080427;0.6242987
-0.09314682;1.729153;-0.05071619;0.08177187;-0.07357579;0.05061545;0.992642,-0.2870524;0.9454049;0.2038578;0.1743197;0.3285192;0.5728216;0.7304542,0.2249982;1.428656;0.2785673;-0.1180981;-0.7475435;-0.2060064;0.6203169
-0.09395041;1.729004;-0.05045097;0.08303542;-0.07305004;0.0506142;0.9925759,-0.288012;0.9454713;0.2037923;0.172725;0.3268275;0.5733498;0.7311771,0.1807535;1.427436;0.3017625;-0.1238304;-0.7537537;-0.2032858;0.6125328
-0.09461818;1.728787;-0.05027364;0.08420043;-0.07254767;0.05062904;0.9925139,-0.2887963;0.9455175;0.2036705;0.1717397;0.3258089;0.5736537;0.7316252,0.1612287;1.426697;0.3118374;-0.126673;-0.7564143;-0.2029821;0.608761
-0.09540741;1.728707;-0.04999776;0.08552755;-0.07168192;0.0506476;0.9924624,-0.2909426;0.9455878;0.2030935;0.1697966;0.3238752;0.5742011;0.7325073,0.1333551;1.427249;0.3260696;-0.130355;-0.7598124;-0.204257;0.6033009
-0.09614766;1.728789;-0.04967888;0.08711065;-0.07089411;0.05070122;0.9923785,-0.2917937;0.9456145;0.2028761;0.1688348;0.3229479;0.5744495;0.7329443,0.1047415;1.42754;0.3402362;-0.1345627;-0.7629692;-0.2062537;0.5976875
-0.09691392;1.728775;-0.04937813;0.08867526;-0.06987396;0.05056319;0.9923193,-0.292675;0.9456415;0.2026549;0.1678398;0.3220013;0.5746992;0.7333933,0.08852443;1.428328;0.3482229;-0.1378794;-0.764855;-0.2076445;0.5940286
-0.09763616;1.728838;-0.04907742;0.09045483;-0.0688332;0.05059825;0.9922297,-0.2943832;0.9457005;0.2022759;0.1657625;0.31997;0.57525;0.7343225,0.06553783;1.430297;0.3597412;-0.1439806;-0.7675613;-0.2100626;0.5882117
-0.09840965;1.728965;-0.04881535;0.09219395;-0.06774453;0.05071197;0.9921387,-0.2954879;0.9457433;0.2021176;0.1641934;0.3183741;0.5757018;0.7350141,0.04396354;1.432331;0.370339;-0.1505111;-0.7697779;-0.2133857;0.5824561
-0.09992349;1.729037;-0.04842942;0.09437095;-0.0659035;0.05105624;0.9920404,-0.2971032;0.9458228;0.2020479;0.1615163;0.3155682;0.5765303;0.7361671,0.0137184;1.430601;0.3888927;-0.1596348;-0.7723516;-0.2205499;0.5738881
-0.1005587;1.728925;-0.04828073;0.09453467;-0.0652469;0.05123904;0.9920588,-0.29823;0.9458768;0.2019639;0.1600211;0.3139778;0.5769632;0.7368342,-0.008640345;1.431899;0.4009907;-0.1641017;-0.7742058;-0.2253727;0.5682282
-0.1012606;1.728851;-0.04807867;0.09479811;-0.06462885;0.0512201;0.9920751,-0.2991957;0.9459372;0.2019093;0.1585732;0.312512;0.5773502;0.737467,-0.01912333;1.432647;0.4066942;-0.1652093;-0.7752025;-0.2272064;0.5658131
-0.1020264;1.728774;-0.04788747;0.09503761;-0.06390305;0.0510668;0.9921071,-0.2997429;0.9459751;0.2019387;0.1576432;0.3115541;0.57759;0.7378839,-0.03128334;1.431901;0.4154075;-0.1660341;-0.7769248;-0.2289198;0.562509
-0.1027018;1.728593;-0.04778056;0.09538817;-0.06312876;0.05079737;0.9921368,-0.3006744;0.9460292;0.2020037;0.1562808;0.3100371;0.5779898;0.7384992,-0.04407566;1.432302;0.4231735;-0.1663839;-0.7788409;-0.2291504;0.5596547
-0.1034163;1.728526;-0.04756927;0.09568107;-0.06223418;0.0506811;0.9921711,-0.3015727;0.9460207;0.202095;0.1549083;0.3083617;0.5784844;0.7391024,-0.0559529;1.432923;0.4305646;-0.1666053;-0.7803122;-0.2282971;0.5578853
-0.1040126;1.728495;-0.04726683;0.09578201;-0.06148826;0.05106394;0.9921883,-0.3024395;0.946035;0.2021923;0.1535125;0.3065974;0.5790545;0.739681,-0.0639772;1.432277;0.4374587;-0.1668448;-0.7810826;-0.2270042;0.557263
-0.1046529;1.72849;-0.04701147;0.09593786;-0.06087475;0.05152894;0.992187,-0.3032592;0.9460674;0.2023562;0.1520358;0.3047763;0.5796892;0.7402411,-0.07046779;1.432456;0.4417334;-0.166959;-0.7814271;-0.2259237;0.5571849
-0.1056754;1.72846;-0.04691336;0.09587527;-0.06045624;0.05207044;0.9921904,-0.304083;0.9461008;0.2025583;0.1505084;0.302909;0.5804009;0.7407619,-0.07994273;1.433166;0.4474746;-0.1670159;-0.7820129;-0.2235179;0.5573162
-0.1064891;1.728393;-0.04672822;0.09569754;-0.06029875;0.05259058;0.9921896,-0.3047764;0.9461241;0.2026302;0.1494234;0.3015837;0.5809286;0.7411085,-0.08685544;1.433377;0.4518398;-0.1666217;-0.7829207;-0.2200188;0.5575519
-0.1071318;1.728216;-0.04647315;0.09517561;-0.06040645;0.05308508;0.992207,-0.3059496;0.9461582;0.202714;0.1478404;0.2996392;0.581719;0.7415947,-0.09335691;1.433447;0.4560038;-0.1654139;-0.7842662;-0.216442;0.5574206
-0.1077009;1.728011;-0.04621159;0.09465369;-0.06054052;0.05325846;0.9922395,-0.3068166;0.9461915;0.2029565;0.1463438;0.2977621;0.5824856;0.7420457,-0.09821083;1.433868;0.458677;-0.164049;-0.7853624;-0.2143727;0.5570802
-0.1084075;1.727747;-0.0459307;0.09417175;-0.06064682;0.05313906;0.9922852,-0.3075509;0.9462174;0.2032692;0.1450759;0.2960823;0.5831813;0.7424203,-0.1066279;1.4348;0.4630306;-0.1611342;-0.7870899;-0.212106;0.5563599
-0.1091414;1.727448;-0.04566137;0.09364459;-0.06066101;0.05297963;0.9923428,-0.3080676;0.9462041;0.2034921;0.1443421;0.29508;0.5836288;0.7426107,-0.1102295;1.435401;0.4660899;-0.1577431;-0.7888623;-0.210575;0.5554023
-0.1098539;1.727124;-0.0454285;0.09316895;-0.06063032;0.05295002;0.992391,-0.3088849;0.9461291;0.2038453;0.1434227;0.2937623;0.5842236;0.7428434,-0.1129134;1.436056;0.4683181;-0.1556585;-0.7900795;-0.2096795;0.5545985
-0.1105127;1.726867;-0.04521275;0.09284174;-0.06065858;0.05309149;0.9924123,-0.309628;0.9460956;0.2041816;0.1426064;0.292519;0.5847726;0.7430592,-0.1167345;1.437329;0.471446;-0.153542;-0.7917415;-0.2085281;0.5532508
-0.112207;1.726607;-0.04470507;0.09296772;-0.06077223;0.05354011;0.9923695,-0.3112676;0.9460526;0.2048639;0.1413969;0.290385;0.5855983;0.743477,-0.1197829;1.4398;0.4772312;-0.1527868;-0.7929083;-0.207985;0.5519917
-0.1128636;1.726537;-0.04445227;0.09296045;-0.06101106;0.05393582;0.9923341,-0.3118719;0.9460436;0.2050802;0.1410787;0.2897372;0.5858204;0.7436153,-0.1213009;1.441453;0.4804998;-0.1528788;-0.7928367;-0.2080909;0.5520293
-0.1135856;1.726385;-0.04418324;0.09272115;-0.06126581;0.05426285;0.992323,-0.3127013;0.9460291;0.2053599;0.1406662;0.2887939;0.5861167;0.7438267,-0.1228629;1.443229;0.4835304;-0.1528799;-0.792832;-0.2080963;0.5520335
-0.1144442;1.726025;-0.04393813;0.09209456;-0.06153757;0.05455967;0.9923483,-0.3138058;0.9459935;0.2056335;0.140267;0.2876456;0.5864189;0.7441089,-0.1229346;1.444196;0.4854362;-0.1529741;-0.7927089;-0.2082022;0.5521443
-0.1151996;1.725677;-0.04365051;0.09139493;-0.06178112;0.05482835;0.992383,-0.3145466;0.9459629;0.2056454;0.140137;0.2871736;0.5865256;0.7442316,-0.1234478;1.445706;0.4876833;-0.1546951;-0.7907414;-0.209724;0.5539074
-0.1158815;1.725343;-0.04335384;0.09085672;-0.06198775;0.05499245;0.9924104,-0.3161812;0.9458176;0.2056173;0.139971;0.2864025;0.5866674;0.7444482,-0.1242044;1.447512;0.489917;-0.1579194;-0.7876323;-0.2116675;0.556681
-0.1166973;1.725053;-0.0431078;0.0903079;-0.06207309;0.05519798;0.9924437,-0.3169671;0.9456629;0.2056064;0.1399278;0.2860832;0.5867103;0.7445452,-0.1245868;1.448813;0.4913736;-0.1600523;-0.7857913;-0.2124895;0.5583578
-0.1175494;1.724882;-0.04282276;0.08997995;-0.06204544;0.05531614;0.9924687,-0.3182108;0.9453244;0.2055631;0.1398961;0.2856544;0.5867559;0.7446799,-0.1230931;1.449981;0.4923732;-0.1634881;-0.7827991;-0.2133076;0.5612461
-0.1183375;1.724844;-0.04249166;0.08980434;-0.061888;0.05538159;0.9924908,-0.3190902;0.9450509;0.2055065;0.1398863;0.2853854;0.5867867;0.7447606,-0.1226947;1.451756;0.4942305;-0.1672667;-0.7791263;-0.2138576;0.5650213
-0.1191739;1.724849;-0.04210319;0.08959249;-0.06167923;0.05562045;0.9925096,-0.3202125;0.9446149;0.2055115;0.1398625;0.2849325;0.5868614;0.7448796,-0.1224506;1.45364;0.4960605;-0.171128;-0.7748976;-0.2145336;0.569407
-0.1200896;1.724786;-0.04164036;0.08920133;-0.06146029;0.0560224;0.9925358,-0.3212436;0.9442072;0.2055478;0.139812;0.2843931;0.5869852;0.7449977,-0.1193579;1.454745;0.4973;-0.1749007;-0.7704416;-0.2157232;0.5738406
-0.1208857;1.724701;-0.04117277;0.08865608;-0.06134449;0.0564337;0.9925685,-0.3218873;0.9439822;0.2056324;0.1397466;0.2839588;0.5870973;0.7450872,-0.1182664;1.455758;0.4978673;-0.1773176;-0.7675532;-0.2168281;0.5765468
-0.1216366;1.724631;-0.0407064;0.08818468;-0.06120359;0.05660613;0.9926094,-0.3222263;0.9438821;0.2057136;0.1396942;0.2836992;0.5871697;0.7451389,-0.1176255;1.457533;0.498956;-0.1810816;-0.7633795;-0.2187967;0.5801632
-0.1223965;1.724576;-0.04023179;0.08777553;-0.06104366;0.0567372;0.992648,-0.3236021;0.9435821;0.2064653;0.139244;0.2821324;0.5876271;0.7454574,-0.1170494;1.459391;0.4997854;-0.184906;-0.7595506;-0.2211146;0.5830959
-0.1231699;1.724533;-0.03963422;0.08736532;-0.06085141;0.0568666;0.9926886,-0.3243947;0.9434722;0.2070237;0.1388032;0.2809877;0.5879911;0.745685,-0.1137697;1.460667;0.5002782;-0.1886142;-0.7559598;-0.2239522;0.5854869
-0.1239409;1.724507;-0.03909561;0.08704022;-0.06061664;0.0569758;0.9927253,-0.3252557;0.9433777;0.2077409;0.1382736;0.2797603;0.5884183;0.7459078,-0.1130101;1.461847;0.5002359;-0.1907339;-0.7538536;-0.2260549;0.5867065
-0.1246947;1.724474;-0.03856465;0.08678754;-0.06039394;0.05699158;0.9927601,-0.3258165;0.9433193;0.2081963;0.1378846;0.2789031;0.5887445;0.7460435,-0.1121904;1.463655;0.5001174;-0.1930745;-0.7513099;-0.2294427;0.5878876
-0.1254548;1.724391;-0.03808068;0.08652186;-0.06017397;0.05712792;0.9927887,-0.3266486;0.9432314;0.2087972;0.1372528;0.2775677;0.589299;0.7462201,-0.1104307;1.464917;0.5002117;-0.1942996;-0.7495759;-0.2328307;0.5883653
-0.1262411;1.724265;-0.03756228;0.08652648;-0.06003534;0.05727214;0.9927884,-0.3277868;0.9431136;0.2095694;0.1363186;0.2757199;0.5901505;0.7464034,-0.1090358;1.46559;0.5004485;-0.194535;-0.7490111;-0.2344823;0.5883509
-0.1269523;1.724175;-0.03708093;0.08662979;-0.05982709;0.0574365;0.9927825,-0.3284002;0.9430376;0.2099468;0.135814;0.2747928;0.5906024;0.7464799,-0.108678;1.465995;0.5004282;-0.1945452;-0.7488933;-0.2350304;0.5882787
-0.1276375;1.724145;-0.0365715;0.08690183;-0.05968845;0.05759097;0.9927581,-0.3292301;0.942907;0.2104944;0.1350112;0.2733902;0.591305;0.7465844,-0.1077698;1.46839;0.500205;-0.1946538;-0.7489862;-0.2355992;0.5878969
-0.1283743;1.724104;-0.03604616;0.08706844;-0.05945101;0.05772847;0.9927498,-0.3297462;0.9428192;0.2108534;0.1344794;0.2724706;0.5917534;0.7466612,-0.1048025;1.469282;0.5009158;-0.1950337;-0.7491264;-0.2351675;0.5877651
-0.1289368;1.724014;-0.03548958;0.08712211;-0.059273;0.05792933;0.992744,-0.330532;0.9426947;0.2113995;0.1337512;0.2711722;0.5923731;0.7467735,-0.1037184;1.470257;0.5006095;-0.1967133;-0.749298;-0.2334635;0.5876661
-0.129549;1.723936;-0.03494751;0.08723149;-0.05909957;0.05806908;0.9927366,-0.3310236;0.9426159;0.2117758;0.1333444;0.2703871;0.5927452;0.7468355,-0.1035272;1.471041;0.5004404;-0.2002639;-0.7495232;-0.2301117;0.5875015
-0.1302986;1.723823;-0.03443795;0.08723561;-0.05882062;0.05815251;0.9927479,-0.3318771;0.9424642;0.212539;0.132736;0.2690811;0.5933708;0.7469187,-0.103479;1.4715;0.5003989;-0.2015259;-0.7494437;-0.2297;0.5873326
-0.1310852;1.723762;-0.03394952;0.08734249;-0.05852848;0.05822266;0.9927517,-0.3326056;0.9423608;0.2130527;0.1324434;0.268304;0.593756;0.7469441,-0.1011644;1.471337;0.5002934;-0.2018104;-0.7495055;-0.2294207;0.5872651
-0.1318853;1.723743;-0.03348007;0.08749101;-0.05829338;0.05822157;0.9927525,-0.3328571;0.9423267;0.2132125;0.1323696;0.2680734;0.5938756;0.746945,-0.1011988;1.471702;0.4999043;-0.2017116;-0.7495394;-0.2293823;0.5872709
-0.1327076;1.723708;-0.03301494;0.08757514;-0.05812977;0.05830122;0.99275,-0.3341503;0.9421343;0.2138275;0.1321153;0.2670405;0.5944488;0.746904,-0.1017185;1.472391;0.4994186;-0.2017206;-0.7495368;-0.2293781;0.5872726
-0.1334682;1.723636;-0.03256866;0.087488;-0.05807994;0.05852786;0.9927472,-0.3346382;0.9420373;0.2138833;0.1320526;0.2667048;0.5946465;0.7468776,-0.1014866;1.472834;0.4987239;-0.2016999;-0.7495462;-0.2293923;0.5872622
-0.1342251;1.723528;-0.03205593;0.08727188;-0.05807534;0.05887073;0.9927463,-0.3351263;0.9419317;0.2139543;0.1320111;0.2664186;0.594817;0.7468513,-0.1014606;1.473858;0.4980965;-0.2006851;-0.7503543;-0.2302927;0.5862246
-0.1349957;1.723387;-0.03155683;0.08691738;-0.05811047;0.0591494;0.9927588,-0.336085;0.9416917;0.2141467;0.1319802;0.2659682;0.5951007;0.7467915,-0.1009622;1.475457;0.4979565;-0.1984209;-0.7532688;-0.2331784;0.5821024
-0.136596;1.723151;-0.03074841;0.08605517;-0.05828267;0.05950572;0.9928025,-0.3371791;0.9413323;0.2145166;0.1319815;0.2655782;0.5953627;0.746721,-0.1009305;1.477491;0.4972025;-0.1960193;-0.7574174;-0.2372962;0.5758351
-0.1374812;1.723098;-0.03037606;0.08564671;-0.05846578;0.05977076;0.9928111,-0.3378925;0.9411303;0.2147884;0.1319897;0.2654076;0.5954684;0.7466961,-0.1025165;1.478495;0.4963792;-0.19404;-0.7594846;-0.2386463;0.5732187
-0.1383827;1.723119;-0.03000778;0.08521418;-0.05876793;0.05999908;0.9928167,-0.3387339;0.9409399;0.2151341;0.1320158;0.2652871;0.5955425;0.7466751,-0.1052814;1.479855;0.4954456;-0.1912687;-0.7614207;-0.2388809;0.5714812
-0.1391987;1.723214;-0.02970694;0.08484334;-0.05928284;0.06014009;0.9928094,-0.3396031;0.9407716;0.2155004;0.132052;0.2652015;0.5955994;0.7466537,-0.1074894;1.480895;0.494661;-0.1885545;-0.7632179;-0.2376705;0.5704896
-0.139952;1.723246;-0.02943638;0.08449015;-0.05997177;0.06040948;0.9927817,-0.3404769;0.9406729;0.21596;0.1320901;0.2651552;0.5956339;0.7466359,-0.110109;1.481767;0.4938394;-0.1860481;-0.7653746;-0.2352134;0.5694405
-0.1406032;1.723255;-0.02923762;0.08418258;-0.06086385;0.06063512;0.9927398,-0.3410295;0.9406216;0.2162777;0.1321076;0.2651307;0.5956543;0.7466252,-0.1126881;1.482763;0.493088;-0.1847654;-0.7672039;-0.2329133;0.568341
-0.1421032;1.723244;-0.0288783;0.08346558;-0.06278098;0.06104953;0.9926556,-0.3426163;0.9405;0.2172174;0.1321388;0.265105;0.5956686;0.7466174,-0.1193278;1.484835;0.4914379;-0.1839713;-0.7732763;-0.2265231;0.562926
-0.1441289;1.723119;-0.02859514;0.08274952;-0.06481834;0.06145372;0.9925596,-0.345009;0.9404574;0.2183103;0.1321434;0.265084;0.5956674;0.7466249,-0.1266985;1.486789;0.4919423;-0.184497;-0.7765195;-0.2257103;0.5585993
-0.1449329;1.723117;-0.02850781;0.08237563;-0.06569441;0.06149385;0.9925306,-0.3466626;0.9404156;0.2189656;0.1321412;0.2650696;0.5956675;0.7466304,-0.1322976;1.488223;0.4928458;-0.1839849;-0.7781229;-0.2264565;0.5562301
-0.1470237;1.723114;-0.02824189;0.08130015;-0.06712497;0.06116941;0.9925436,-0.3486859;0.9404387;0.2200007;0.13214;0.2650669;0.595657;0.74664,-0.1365904;1.488321;0.4950729;-0.1823876;-0.7805033;-0.228197;0.5526984
-0.1482259;1.723081;-0.02810802;0.08043934;-0.0677057;0.06115187;0.9925754,-0.350009;0.9404773;0.2208128;0.1321382;0.2650663;0.5956541;0.7466429,-0.1382414;1.488593;0.4954941;-0.181876;-0.7811998;-0.2287279;0.5516626
-0.1492198;1.723095;-0.02800293;0.07971387;-0.0683926;0.06127245;0.9925794,-0.3511772;0.9405033;0.2216322;0.1321376;0.2650695;0.5956504;0.7466449,-0.1478339;1.490618;0.4995092;-0.1793208;-0.7853653;-0.2307979;0.5456901
-0.1517318;1.723114;-0.02779569;0.0782303;-0.07000273;0.06192956;0.9925444,-0.3527422;0.9405366;0.2234403;0.1321319;0.2650737;0.5956464;0.7466475,-0.1568665;1.491874;0.5049976;-0.1794417;-0.7878698;-0.2312518;0.5418346
-0.1540974;1.723252;-0.02761145;0.07725754;-0.07147368;0.0626808;0.9924686,-0.3548626;0.9406265;0.2253707;0.1320837;0.2651078;0.5956198;0.7466651,-0.1641892;1.493084;0.5089799;-0.1801398;-0.7886522;-0.2331571;0.5396436
-0.1555139;1.723284;-0.02755869;0.07676665;-0.07221605;0.06297247;0.9924345,-0.355924;0.9406607;0.2263814;0.1319648;0.265173;0.5955724;0.7467008,-0.1687668;1.4936;0.5113435;-0.1801047;-0.7896312;-0.235278;0.537298
-0.1574479;1.723305;-0.0275272;0.0762156;-0.07303078;0.06303765;0.9924132,-0.3570328;0.9406919;0.2272874;0.1317192;0.2652833;0.5954971;0.7467651,-0.1732855;1.494316;0.5137957;-0.1794971;-0.7907982;-0.2376441;0.5347377
-0.1587935;1.7233;-0.02743447;0.07577205;-0.0738344;0.06296586;0.9923922,-0.359244;0.940744;0.2278073;0.1313429;0.2654276;0.5954106;0.7468489,-0.1769876;1.49472;0.5159217;-0.1786778;-0.7918019;-0.239868;0.5325294
-0.1600232;1.723297;-0.02731014;0.07538044;-0.07476494;0.06278607;0.9923638,-0.360034;0.9407893;0.2281767;0.1310216;0.2655185;0.595372;0.7469039,-0.1788898;1.494968;0.5175031;-0.1782536;-0.7916723;-0.2433618;0.5312774
-0.1611879;1.723288;-0.02718203;0.07498501;-0.07575322;0.06261769;0.9923295,-0.3607605;0.9408339;0.2283674;0.1306729;0.2656185;0.5953397;0.7469553,-0.1832777;1.49553;0.5198088;-0.1766177;-0.7919073;-0.2460137;0.5302512
-0.1627842;1.723361;-0.02711567;0.074465;-0.07693411;0.06245344;0.9922881,-0.3621814;0.9409113;0.2287043;0.1299032;0.2657849;0.5953383;0.7470314,-0.1876721;1.496279;0.5221134;-0.1753308;-0.7915382;-0.2484532;0.5300919
-0.1643712;1.723383;-0.02703287;0.07386479;-0.07813168;0.06226408;0.9922513,-0.3636518;0.9409707;0.2288119;0.129204;0.2658666;0.5954034;0.7470718,-0.1922136;1.497156;0.5239736;-0.1745358;-0.790837;-0.2511488;0.5301306
-0.1671719;1.72332;-0.02672692;0.07290886;-0.08042052;0.06234593;0.992134,-0.3660774;0.9410709;0.2290751;0.1277267;0.2659174;0.5956563;0.747106,-0.1979135;1.498004;0.5237215;-0.1735625;-0.7902764;-0.2547901;0.5295482
-0.1687582;1.72331;-0.02683322;0.07261598;-0.0816139;0.06260693;0.9920416,-0.3674393;0.9411106;0.2293293;0.1267311;0.2659221;0.5958794;0.7470959,-0.2024308;1.49869;0.5243713;-0.172565;-0.7904325;-0.2559488;0.5290824
-0.170347;1.723296;-0.02685101;0.07243281;-0.08269192;0.06292564;0.9919456,-0.3690327;0.9411367;0.2293291;0.1256886;0.2659062;0.5961157;0.7470892,-0.2055184;1.498652;0.5253917;-0.1714662;-0.7907053;-0.2563913;0.5288177
-0.1718576;1.723253;-0.02668808;0.07211458;-0.08361478;0.06317869;0.9918753,-0.3705332;0.9411834;0.2294534;0.1245975;0.2657992;0.5963929;0.7470888,-0.2093769;1.498759;0.5265197;-0.1708404;-0.7908012;-0.2563851;0.5288798
-0.1733312;1.723244;-0.02662342;0.07178693;-0.08461216;0.06347;0.9917958,-0.3720297;0.9412376;0.2297001;0.1234287;0.2655076;0.5967777;0.7470793,-0.2134668;1.498952;0.5274806;-0.1706943;-0.7907045;-0.2562861;0.5291195
-0.1747893;1.72326;-0.02659866;0.07152047;-0.08560119;0.06383009;0.9917071,-0.3730425;0.941275;0.2298526;0.1225613;0.2651557;0.5971295;0.747066,-0.2153005;1.49905;0.5278519;-0.17071;-0.7905906;-0.2562284;0.5293123
-0.1763005;1.723302;-0.02645501;0.0714415;-0.08651921;0.06415918;0.9916119,-0.3746307;0.9413327;0.229866;0.1210317;0.2642991;0.597823;0.7470642,-0.2188121;1.499085;0.5286554;-0.1708024;-0.7902158;-0.2561771;0.5298669
-0.1777827;1.723368;-0.02627067;0.07149595;-0.08743455;0.06431931;0.9915173,-0.3762157;0.9413933;0.2300366;0.1192491;0.2630234;0.5987198;0.7470829,-0.2229462;1.499149;0.5293322;-0.17099;-0.7894514;-0.2562109;0.5309285
-0.1791836;1.723442;-0.02622905;0.0715014;-0.08854582;0.06452715;0.9914048,-0.3772954;0.9414345;0.230181;0.1179637;0.261973;0.5994114;0.7471015,-0.2260551;1.499218;0.5298134;-0.1710787;-0.7890784;-0.2562222;0.5314487
-0.1805921;1.723498;-0.02626409;0.07141127;-0.08970636;0.06476155;0.9912917,-0.3789131;0.941495;0.2303472;0.1159697;0.2601793;0.6004809;0.7471817,-0.2295158;1.499166;0.5296458;-0.1710891;-0.7888207;-0.2563133;0.5317839
-0.1819263;1.723498;-0.02607828;0.07097031;-0.09100217;0.06506264;0.9911855,-0.3805466;0.9415534;0.2302569;0.1138603;0.2581366;0.6015313;0.7473696,-0.2323938;1.49911;0.5298118;-0.1710593;-0.788717;-0.2564549;0.5318789
-0.1832005;1.723479;-0.02583693;0.07031157;-0.09243142;0.06543684;0.9910756,-0.3821552;0.9416074;0.2304122;0.1117157;0.2559657;0.6024971;0.7476619,-0.2389925;1.498971;0.5301952;-0.1708933;-0.7886079;-0.2570423;0.5318105
-0.186057;1.723261;-0.02545718;0.06951226;-0.09523353;0.06613617;0.9908202,-0.3850673;0.9416942;0.2308166;0.1079728;0.2520702;0.6039889;0.7483313,-0.2464002;1.498809;0.5305808;-0.1695304;-0.7886574;-0.2594135;0.5310213
-0.1872944;1.723341;-0.02530145;0.06972665;-0.09643263;0.06645524;0.9906678,-0.386802;0.9417205;0.2311298;0.1056144;0.2495437;0.6049298;0.7487546,-0.2519854;1.498813;0.5311188;-0.1675731;-0.7889731;-0.2614178;0.5301901
-0.1885002;1.723411;-0.02518274;0.06996742;-0.09754921;0.06664307;0.9905289,-0.3883754;0.9417519;0.2314753;0.1032021;0.2468559;0.6060413;0.749083,-0.2581719;1.4989;0.5315794;-0.1643655;-0.7898086;-0.2634745;0.5289307
-0.1896655;1.723468;-0.02510189;0.0702282;-0.09864114;0.06689148;0.9903855,-0.3899182;0.9417826;0.2317905;0.1007286;0.2439532;0.607381;0.7492856,-0.262702;1.498368;0.5320465;-0.159304;-0.7912112;-0.2658643;0.5271844
-0.191821;1.723513;-0.02486811;0.0703452;-0.1010233;0.06698681;0.9901306,-0.392373;0.9418548;0.232209;0.09695031;0.2390473;0.6098519;0.7493582,-0.2707466;1.497168;0.5328574;-0.150109;-0.7929376;-0.2703205;0.5250182
-0.1932079;1.72351;-0.02472121;0.07024401;-0.1021035;0.06696641;0.9900284,-0.3937774;0.9418994;0.2323917;0.09487773;0.2361361;0.6113017;0.7493653,-0.280127;1.496351;0.5340743;-0.1392034;-0.7938238;-0.2765568;0.5234337
-0.1950162;1.723428;-0.02449266;0.06991527;-0.1029586;0.06684746;0.9899712,-0.3954518;0.941938;0.2325099;0.09302022;0.2333422;0.6125548;0.74945,-0.2848516;1.494354;0.5346075;-0.131256;-0.7945993;-0.2809857;0.5219492
-0.1962675;1.723562;-0.02431466;0.06960952;-0.1035875;0.06675775;0.9899331,-0.3971515;0.9419581;0.2325176;0.09189893;0.2315271;0.613265;0.7495704,-0.2890071;1.493612;0.5351347;-0.1271223;-0.7955942;-0.2828913;0.5204253
-0.1973687;1.723711;-0.02417019;0.06936537;-0.1040322;0.06667726;0.9899091,-0.3988309;0.9419858;0.2325186;0.09039147;0.2287898;0.6141859;0.7498401,-0.2954955;1.492891;0.536119;-0.1232788;-0.7976894;-0.2840228;0.5175182
-0.198858;1.723801;-0.02404094;0.06932216;-0.1043768;0.06664635;0.9898779,-0.4010763;0.9420067;0.2317485;0.08911921;0.2260748;0.6149665;0.7501761,-0.3002267;1.491771;0.5367418;-0.1221557;-0.7995698;-0.2837246;0.5150404
-0.2002123;1.723865;-0.02391884;0.0692677;-0.1047067;0.06655482;0.989853,-0.4027486;0.9419959;0.2312037;0.08832639;0.2242085;0.6154724;0.750415,-0.3045558;1.490808;0.5364763;-0.1223988;-0.8002356;-0.2833644;0.5141461
-0.2013206;1.72389;-0.02377753;0.06902549;-0.1051298;0.0661303;0.9898536,-0.4067611;0.9418908;0.2299784;0.08695659;0.2206613;0.6163639;0.7508946,-0.3103596;1.490172;0.5375419;-0.1223611;-0.8001118;-0.2838613;0.5140737
-0.2022986;1.723863;-0.02362174;0.06861214;-0.1056831;0.06553759;0.9898628,-0.4086315;0.941853;0.2294291;0.08639646;0.219088;0.6167525;0.7511007,-0.315941;1.489466;0.5384798;-0.1216538;-0.7996724;-0.2851447;0.5142149
-0.203444;1.723808;-0.02348632;0.06822428;-0.1061677;0.0648364;0.9898839,-0.4111692;0.941739;0.2283778;0.08576165;0.2172872;0.6171916;0.751336,-0.3181253;1.488293;0.5389925;-0.1202606;-0.7993571;-0.2866333;0.5142052
-0.2047781;1.723729;-0.02336116;0.06787733;-0.1067457;0.06416941;0.9898891,-0.413552;0.9416724;0.2275255;0.08529261;0.2160686;0.6174543;0.7515249,-0.322605;1.487807;0.5398772;-0.1179814;-0.7995281;-0.2882408;0.5135683
-0.2059318;1.723731;-0.0232052;0.067734;-0.1072895;0.06333451;0.9898939,-0.415956;0.9416356;0.2266991;0.08492844;0.215313;0.6175792;0.7516804,-0.3264567;1.48784;0.5406387;-0.1171379;-0.800181;-0.2882195;0.512756
-0.2070107;1.723728;-0.0230551;0.06757126;-0.1076765;0.06250795;0.9899155,-0.4178356;0.9416045;0.2262649;0.08462444;0.2148225;0.6176345;0.7518095,-0.3289817;1.487641;0.5413969;-0.1174073;-0.8004991;-0.2878513;0.5124046
-0.2081798;1.723696;-0.02295266;0.0673898;-0.1081032;0.06181395;0.9899249,-0.4187179;0.9415933;0.2263485;0.08445483;0.2146109;0.6176479;0.751878,-0.3316519;1.487317;0.5420004;-0.1178434;-0.8006939;-0.2876104;0.5121353
-0.209428;1.723572;-0.02293378;0.06715895;-0.1084999;0.06126453;0.9899313,-0.4199658;0.9416173;0.2260942;0.08419313;0.214344;0.6176656;0.7519689,-0.3336267;1.487191;0.5426298;-0.1181412;-0.8007678;-0.2874937;0.5120166
-0.2105689;1.723465;-0.02278943;0.06676176;-0.1089605;0.06081393;0.9899355,-0.4214104;0.9416039;0.2256922;0.08391823;0.2141283;0.6176832;0.7520468,-0.3368149;1.487097;0.543481;-0.1183453;-0.8007647;-0.2874833;0.51198
-0.2125839;1.723338;-0.02248875;0.06602963;-0.1099466;0.06019409;0.9899134,-0.4233698;0.9416222;0.2255611;0.08342707;0.2138792;0.6177256;0.7521374,-0.3405299;1.486234;0.544911;-0.1184132;-0.8006494;-0.2876612;0.5120449
-0.2135461;1.723275;-0.02238357;0.06573204;-0.110596;0.06011517;0.9898657,-0.4245104;0.9416703;0.2261235;0.08313605;0.2138187;0.6177365;0.7521778,-0.3442121;1.486483;0.5456198;-0.1180202;-0.7997609;-0.2899181;0.5122513
-0.2143673;1.723202;-0.02217244;0.06528788;-0.1115534;0.06020207;0.9897823,-0.4256465;0.9416938;0.2268823;0.08281669;0.2137784;0.6177471;0.7522158,-0.3476744;1.487564;0.5460716;-0.1171823;-0.7983853;-0.294604;0.5119157
-0.2151595;1.723178;-0.02192472;0.0648817;-0.1125584;0.06009172;0.989702,-0.4263995;0.9417305;0.2275319;0.08258049;0.2137625;0.617753;0.7522416,-0.3488792;1.48812;0.5458833;-0.11712;-0.7979446;-0.2971622;0.511138
-0.2158244;1.723136;-0.02175267;0.06445067;-0.1135937;0.06000086;0.9896173,-0.4275295;0.9417752;0.2284392;0.08212781;0.2137045;0.6177734;0.7522907,-0.3520669;1.489009;0.5459644;-0.1180873;-0.7980357;-0.2994504;0.5094351
-0.217108;1.72315;-0.02143545;0.06360736;-0.1154825;0.06009939;0.9894473,-0.4294579;0.9417871;0.229412;0.08068073;0.2132747;0.6178863;0.7524766,-0.3602028;1.489642;0.5458168;-0.1216056;-0.7989688;-0.2994907;0.5071157
-0.2177649;1.72326;-0.02131017;0.06333278;-0.1163218;0.06030522;0.9893541,-0.430123;0.9417906;0.2295774;0.07995488;0.2129017;0.6179914;0.7525733,-0.3632626;1.491896;0.5421118;-0.1226843;-0.799456;-0.298362;0.5067531
-0.2183912;1.723431;-0.02128067;0.06320705;-0.1171456;0.06041988;0.9892579,-0.4311241;0.9418017;0.229821;0.07857873;0.2119557;0.6183085;0.7527249,-0.3678736;1.494415;0.5393363;-0.1231422;-0.8007366;-0.2961385;0.5059238
-0.218946;1.723627;-0.02127716;0.06324406;-0.1179058;0.06046215;0.9891627,-0.4320321;0.9418191;0.2299086;0.0769299;0.2104864;0.6188799;0.752838,-0.3728691;1.496823;0.5365322;-0.122881;-0.803789;-0.2925513;0.5032269
-0.2195003;1.723761;-0.02121019;0.06323932;-0.1187255;0.06030067;0.9890748,-0.4329475;0.9418433;0.2300544;0.07513472;0.208479;0.61973;0.7528785,-0.374932;1.496843;0.5357221;-0.1222833;-0.8058908;-0.2911717;0.5008051
-0.219955;1.723838;-0.02114264;0.06315652;-0.1196838;0.06002627;0.9889812,-0.4338151;0.941871;0.2302191;0.07339381;0.2060134;0.6208038;0.7528443,-0.3795896;1.498121;0.5343621;-0.1208721;-0.8080741;-0.2915184;0.4974167
-0.22042;1.723893;-0.02108637;0.06303266;-0.1206843;0.05976523;0.9888834,-0.434634;0.941898;0.2303662;0.07187758;0.2032477;0.6219648;0.7527841,-0.3845777;1.499914;0.5330539;-0.118971;-0.809003;-0.2936437;0.4951096
-0.2209031;1.72393;-0.02108443;0.06292229;-0.1216876;0.05949546;0.9887837,-0.4351407;0.9419127;0.2304303;0.07103717;0.20133;0.6227001;0.7527713,-0.38834;1.501169;0.5320758;-0.1175942;-0.8090066;-0.2957253;0.4941929
-0.2213374;1.723976;-0.02116099;0.06277044;-0.1225583;0.05927006;0.9886994,-0.4359033;0.9419254;0.2304299;0.06995443;0.1984359;0.6236976;0.7528152,-0.3930333;1.503683;0.5305389;-0.1143757;-0.8084841;-0.3011139;0.4925465
-0.2217937;1.724057;-0.02123939;0.06260093;-0.1232221;0.05914917;0.9886348,-0.4364658;0.9419253;0.2304027;0.06937024;0.1966397;0.6242495;0.7528831,-0.3962377;1.505048;0.5296428;-0.1127891;-0.8085531;-0.3030721;0.4915973
-0.2220554;1.724099;-0.02126831;0.06236259;-0.1238606;0.05895635;0.9885817,-0.4374958;0.9419098;0.2302169;0.06837074;0.1933226;0.6250781;0.7531461,-0.400963;1.506547;0.5280315;-0.1105692;-0.8092318;-0.30407;0.4903671
-0.2221619;1.724115;-0.02126849;0.06189591;-0.1244486;0.05877259;0.9885481,-0.4380534;0.941894;0.230139;0.06788768;0.1918592;0.625343;0.7533443,-0.4035778;1.50652;0.5295284;-0.1084191;-0.8099812;-0.3042894;0.489473
-0.2224792;1.724084;-0.02133766;0.06115953;-0.1250465;0.05829904;0.9885465,-0.4386011;0.9418648;0.2300784;0.06724024;0.1900823;0.6255671;0.7536666,-0.4084081;1.506408;0.5317333;-0.1034199;-0.8123628;-0.3030218;0.48739
-0.2232999;1.723839;-0.02145293;0.0594485;-0.1265527;0.05749848;0.9885061,-0.4404083;0.9418177;0.2295438;0.06638521;0.1883736;0.6255461;0.7541887,-0.4162926;1.505408;0.5367221;-0.09086047;-0.818354;-0.2972996;0.4833779
-0.2236861;1.723683;-0.02153325;0.0586668;-0.1275761;0.05713714;0.9884422,-0.4415167;0.9417994;0.2291429;0.06614743;0.1881753;0.6254318;0.7543538,-0.4200806;1.504177;0.5398767;-0.0855048;-0.8209757;-0.2936543;0.482136
-0.2241813;1.7236;-0.02159904;0.05809496;-0.1285165;0.0567905;0.9883741,-0.4423531;0.9417893;0.2288308;0.0660385;0.1881525;0.6253513;0.7544358,-0.4213505;1.504086;0.5409408;-0.08410111;-0.8216703;-0.2922699;0.4820408
-0.2247146;1.723526;-0.02166665;0.05764521;-0.1295333;0.05640284;0.9882899,-0.4437127;0.9417779;0.228629;0.0659128;0.1881723;0.625239;0.754535,-0.4271395;1.503348;0.5470342;-0.08202121;-0.8216574;-0.2894717;0.4841051
-0.2252627;1.723423;-0.02177881;0.05731833;-0.1304418;0.05603893;0.9882101,-0.4453898;0.9417685;0.2280089;0.06582111;0.1882531;0.6251306;0.7546126,-0.4292337;1.503251;0.5499719;-0.08222565;-0.8212082;-0.2896804;0.4847075
-0.2258956;1.723365;-0.02191988;0.05730397;-0.1313297;0.05588523;0.988102,-0.446344;0.9417625;0.2276499;0.06575733;0.1883205;0.6250522;0.7546663,-0.4320054;1.503248;0.5543171;-0.08276409;-0.8205158;-0.2902766;0.4854312
-0.2264746;1.723345;-0.02203151;0.05735708;-0.1320995;0.05594745;0.9879928,-0.4478275;0.9417529;0.2270962;0.06563345;0.1884697;0.6248972;0.7547681,-0.4319617;1.503226;0.5542947;-0.08278504;-0.820512;-0.2902916;0.4854252
-0.2270208;1.723421;-0.02214858;0.05754058;-0.1327694;0.05614601;0.9878811,-0.4489466;0.9417667;0.2273646;0.06546082;0.1887571;0.6246563;0.7549107,-0.4369916;1.503963;0.5620415;-0.08905755;-0.8143822;-0.2961492;0.4910664
-0.2275051;1.723493;-0.02224618;0.05755092;-0.1334846;0.05645204;0.9877666,-0.4502718;0.9417659;0.2267537;0.06529531;0.1890153;0.6244498;0.7550313,-0.4374339;1.504299;0.5627512;-0.0907595;-0.8131445;-0.2969178;0.4923399
-0.2280122;1.723432;-0.02236995;0.05709642;-0.13424;0.05674406;0.9876739,-0.4519987;0.9417589;0.2258442;0.06481786;0.1896593;0.623973;0.7553052,-0.4396121;1.504944;0.56644;-0.09971419;-0.8087406;-0.298084;0.4971336
-0.2285704;1.723289;-0.02250291;0.0563003;-0.1349028;0.05684429;0.9876236,-0.4527578;0.9417577;0.2254838;0.0645147;0.1900066;0.6237344;0.7554409,-0.4409367;1.505069;0.5682075;-0.1050963;-0.8072162;-0.2976475;0.4987614
-0.2291064;1.723286;-0.02263042;0.05534647;-0.1355782;0.05669286;0.9875937,-0.4536681;0.9417638;0.2251248;0.06397703;0.1904547;0.623424;0.7556298,-0.4430664;1.506757;0.5708201;-0.1161875;-0.8058048;-0.2952837;0.4999868
-0.2296729;1.723372;-0.02276905;0.05387467;-0.1361494;0.05615934;0.987627,-0.4544606;0.941792;0.2248638;0.06337613;0.1907397;0.6232138;0.755782,-0.4443457;1.509378;0.5725453;-0.1230275;-0.8058044;-0.2925361;0.499966
-0.2307641;1.723134;-0.02310205;0.04984055;-0.1368617;0.05501578;0.9878047,-0.4559512;0.9418608;0.2243855;0.06199212;0.1908388;0.6230778;0.7559839,-0.4468726;1.516171;0.5757505;-0.1312849;-0.8074416;-0.2868296;0.4985291
-0.2312457;1.723004;-0.0232573;0.04740819;-0.1372209;0.05481391;0.9878858,-0.4564893;0.9418802;0.2241492;0.06146592;0.1907635;0.6230987;0.7560285,-0.4486969;1.521894;0.5777317;-0.1365178;-0.8090378;-0.282261;0.4971414
-0.2315908;1.722922;-0.02332436;0.04427661;-0.1376187;0.05458031;0.9879887,-0.4580598;0.9419118;0.2236661;0.06032227;0.190507;0.6232181;0.7560869,-0.4499464;1.526282;0.5795573;-0.1408315;-0.80979;-0.2793191;0.4963744
-0.2320209;1.722768;-0.02341281;0.0407263;-0.1378838;0.05430535;0.9881196,-0.4585344;0.941924;0.2236011;0.05973306;0.1903446;0.6233034;0.7561044,-0.4517725;1.53384;0.5826401;-0.1491526;-0.810107;-0.2752616;0.4956927
-0.2329279;1.7222;-0.0235618;0.03239539;-0.1378487;0.05299874;0.9885036,-0.4597379;0.9419026;0.2238199;0.05818847;0.1897458;0.6235557;0.7561673,-0.4560298;1.551462;0.5891717;-0.1732411;-0.807568;-0.2674573;0.4962744
-0.233534;1.721912;-0.02365562;0.02788864;-0.1371146;0.05169317;0.9888123,-0.460742;0.9418514;0.2243592;0.05673403;0.1887941;0.6238602;0.7562649,-0.4562862;1.563204;0.5893043;-0.1872117;-0.8051021;-0.2648417;0.4966096
-0.2342845;1.721734;-0.02376523;0.02354141;-0.1359779;0.05018943;0.9891596,-0.4615369;0.9418179;0.2248748;0.05530871;0.1875129;0.6243199;0.7563099,-0.4561413;1.574475;0.5885218;-0.2010912;-0.8021731;-0.263512;0.4966308
-0.2350209;1.721466;-0.02387407;0.01915693;-0.134819;0.04869489;0.9894876,-0.4621384;0.9418253;0.2252416;0.05417836;0.1863479;0.6247908;0.7562907,-0.4560483;1.578293;0.5883803;-0.2054713;-0.8011366;-0.2634153;0.4965623
-0.2358477;1.721095;-0.02400316;0.01431534;-0.1332821;0.04704319;0.9898575,-0.4631416;0.9418398;0.2258173;0.05232328;0.1842687;0.6257467;0.7561405,-0.4554285;1.594142;0.5879276;-0.2221887;-0.7968153;-0.2642478;0.4958738
-0.236657;1.720876;-0.02423836;0.009615337;-0.1315936;0.04550108;0.9902123,-0.4638233;0.9418417;0.2262203;0.05122519;0.1829714;0.6264142;0.755978,-0.4525962;1.604957;0.5881243;-0.2338185;-0.7937377;-0.2652738;0.4949133
-0.2374563;1.720668;-0.02452958;0.004701253;-0.129851;0.04423084;0.9905354,-0.4652451;0.9418225;0.2271063;0.04954158;0.1808721;0.6275721;0.7556349,-0.4505329;1.616668;0.5881901;-0.2446833;-0.7911281;-0.2661428;0.4933706
-0.2381862;1.720422;-0.02480896;-0.0003368702;-0.128278;0.04323051;0.9907956,-0.466029;0.9418122;0.2275385;0.04895148;0.1800851;0.6280062;0.7555007,-0.4494052;1.624472;0.588172;-0.2514879;-0.789687;-0.2664337;0.492099
-0.238835;1.720372;-0.02509941;-0.005669421;-0.1269254;0.04251327;0.9909846,-0.4671662;0.9417894;0.2281616;0.04833712;0.1791653;0.6284599;0.7553816,-0.446221;1.635148;0.5863913;-0.2613074;-0.7877708;-0.2659275;0.4903245
-0.2394855;1.720237;-0.02538592;-0.01045944;-0.1257061;0.04192476;0.9911261,-0.4678825;0.9417742;0.2285436;0.04806332;0.1786714;0.6286579;0.7553514,-0.443162;1.64565;0.5845205;-0.2706095;-0.78585;-0.2642415;0.4892716
-0.2401186;1.720148;-0.02566978;-0.01422349;-0.1246522;0.04126608;0.99124,-0.4694331;0.9417822;0.2291234;0.04770388;0.1778374;0.6288949;0.7553736,-0.4409719;1.655915;0.5833794;-0.278991;-0.7837731;-0.2618304;0.4891919
-0.2408498;1.720053;-0.02602424;-0.01787048;-0.1235047;0.04057867;0.9913529,-0.4703611;0.941758;0.2292978;0.04758178;0.1774534;0.6289653;0.7554132,-0.4396821;1.66253;0.5826203;-0.2838783;-0.7823456;-0.2600711;0.4896035
-0.242509;1.720019;-0.02702598;-0.02470602;-0.1206203;0.03924113;0.9916151,-0.4730285;0.9416486;0.2290607;0.0473295;0.1764721;0.6291173;0.7555324,-0.4346275;1.676842;0.5832516;-0.2944533;-0.7783291;-0.2562115;0.4917895
-0.2433268;1.719893;-0.02739833;-0.02750854;-0.1191872;0.03885432;0.9917299,-0.4746415;0.9415614;0.2289985;0.04708627;0.1756594;0.629285;0.7555972,-0.4328212;1.684131;0.5839084;-0.2968772;-0.7765393;-0.2565129;0.4930028
-0.2440472;1.719981;-0.02798198;-0.03073447;-0.1177676;0.03864659;0.9918128,-0.4753349;0.9415088;0.2291367;0.04691517;0.1752248;0.6294017;0.7556115,-0.4307168;1.689661;0.5853754;-0.2972434;-0.7750854;-0.2584304;0.4940675
-0.2446771;1.720074;-0.02841911;-0.0331982;-0.1167352;0.03874459;0.9918516,-0.476263;0.941449;0.2294016;0.04657106;0.1745171;0.6296185;0.7556159,-0.4294155;1.693052;0.5870993;-0.2967767;-0.774427;-0.2598448;0.4946384
-0.2453164;1.720008;-0.0286997;-0.03530016;-0.116049;0.03897975;0.9918504,-0.4770699;0.9415568;0.2295524;0.04613402;0.1737634;0.62986;0.7556152,-0.4280966;1.698273;0.5897819;-0.2951058;-0.7731452;-0.262789;0.4960858
-0.2460416;1.719955;-0.02899486;-0.03756082;-0.1153851;0.03896634;0.9918453,-0.4776592;0.9415337;0.2296984;0.04577234;0.1731973;0.6300486;0.7556099,-0.4271616;1.703614;0.5925685;-0.292733;-0.771432;-0.2658752;0.4985082
-0.2469379;1.720075;-0.02940986;-0.03974486;-0.1147946;0.03877414;0.9918362,-0.4785567;0.9414994;0.2299368;0.04511368;0.1722235;0.6303722;0.7556022,-0.4257041;1.707373;0.5961082;-0.2911451;-0.7696711;-0.2672746;0.5014034
-0.2477758;1.720019;-0.02970651;-0.0418513;-0.1141537;0.03852571;0.9918333,-0.4795932;0.9414845;0.2300849;0.04431915;0.171106;0.6307615;0.7555783,-0.4247818;1.709533;0.5986968;-0.2906876;-0.7684584;-0.2673715;0.5034729
-0.2493704;1.719882;-0.03006828;-0.04572884;-0.1126413;0.03826877;0.991845,-0.4815736;0.9414724;0.2304105;0.04231755;0.1683253;0.631888;0.7553763,-0.4239516;1.714877;0.6056418;-0.2889555;-0.7652956;-0.2657716;0.510091
-0.2500432;1.720029;-0.03031046;-0.04731601;-0.1117797;0.03844398;0.9918612,-0.482509;0.9414607;0.2306632;0.04115231;0.1667066;0.6326419;0.7551687,-0.4229764;1.716291;0.6087086;-0.286126;-0.7644018;-0.2648169;0.5135115
-0.2507411;1.720183;-0.03061565;-0.04840214;-0.1110404;0.03898262;0.9918708,-0.4832993;0.941461;0.2308974;0.03990772;0.1649785;0.6334684;0.754922,-0.4231592;1.718248;0.6117728;-0.2820802;-0.7645609;-0.263777;0.5160419
-0.2514177;1.720256;-0.03085905;-0.04928244;-0.1104605;0.03961423;0.9918671,-0.4838752;0.9414598;0.2309563;0.03907421;0.1638101;0.634005;0.7547696,-0.4233689;1.719626;0.6138093;-0.279658;-0.7652273;-0.2622296;0.5171598
-0.2528136;1.720422;-0.03131065;-0.05104227;-0.109286;0.0400324;0.9918915,-0.4855797;0.9414555;0.2310277;0.03660005;0.160206;0.635448;0.7544536,-0.4219998;1.721744;0.6193619;-0.2766919;-0.7681949;-0.2512295;0.5198097
-0.2535255;1.720356;-0.03145487;-0.05196581;-0.108759;0.03985529;0.9919086,-0.4860922;0.9414552;0.2310421;0.03584348;0.159017;0.6358749;0.7543818,-0.4218588;1.722128;0.6199288;-0.2769818;-0.768446;-0.2487468;0.5204775
-0.2542837;1.720126;-0.0315403;-0.05323706;-0.1081366;0.03975122;0.9919134,-0.4869099;0.9414526;0.2310105;0.03484984;0.1574136;0.6364169;0.7543077,-0.4222054;1.724035;0.6228465;-0.2787725;-0.7687595;-0.2389894;0.5236207
-0.2550734;1.720029;-0.03164154;-0.0542557;-0.1073951;0.0398199;0.991936,-0.4877561;0.9414464;0.2309781;0.03405239;0.1561598;0.6368323;0.754254,-0.4216729;1.724962;0.6246285;-0.2787311;-0.7696139;-0.2327696;0.5251874
-0.2558044;1.71998;-0.03182665;-0.05490516;-0.1065907;0.03987904;0.9919847,-0.4886161;0.9414383;0.2309554;0.03347476;0.1553039;0.6371238;0.7542104,-0.4205418;1.72572;0.6263301;-0.2784471;-0.7699732;-0.2300047;0.5260289
-0.2565227;1.72004;-0.03211548;-0.05487608;-0.1055046;0.03953873;0.992116,-0.4894368;0.9414292;0.2309165;0.03309448;0.1547675;0.6373061;0.7541835,-0.4199456;1.727396;0.6281199;-0.2783089;-0.7700092;-0.2297982;0.5261397
-0.2573021;1.720158;-0.03237036;-0.05478158;-0.1042018;0.03924796;0.9922704,-0.4899693;0.9414237;0.230869;0.03289336;0.1544776;0.6374036;0.7541693,-0.4194892;1.72864;0.6292751;-0.2783585;-0.7699419;-0.230035;0.5261084
-0.2579202;1.720395;-0.03259782;-0.05447607;-0.1027095;0.03919663;0.9924448,-0.4908461;0.9414212;0.2307303;0.03250337;0.1539116;0.6376165;0.754122,-0.4171659;1.729913;0.6303124;-0.278403;-0.7699283;-0.2297932;0.5262103
-0.2585151;1.720531;-0.03285336;-0.05407438;-0.1011493;0.03929251;0.9926233,-0.4914512;0.9414225;0.2305669;0.03240767;0.1537057;0.6377039;0.7540942,-0.4151141;1.730808;0.6307976;-0.278424;-0.76989;-0.2302151;0.526071
-0.2598498;1.720425;-0.0332657;-0.05403468;-0.0979768;0.03886559;0.9929604,-0.4925759;0.9414168;0.230264;0.03205964;0.1531691;0.6379863;0.7539793,-0.4105484;1.733469;0.6324268;-0.2791588;-0.7695267;-0.2313411;0.5257189
-0.2605056;1.720328;-0.03355137;-0.0541507;-0.09631363;0.0383189;0.993138,-0.4931954;0.941412;0.2300995;0.03190587;0.1529956;0.638124;0.7539046,-0.4069202;1.734636;0.6336412;-0.2824165;-0.7676453;-0.2340991;0.5255086
-0.2617728;1.720049;-0.03409361;-0.05459897;-0.09306294;0.03736093;0.9934598,-0.4938161;0.9414048;0.2300037;0.03173445;0.1529185;0.6382847;0.7537915,-0.3995824;1.737941;0.6364995;-0.2950461;-0.7588629;-0.2392068;0.5290133
-0.2631272;1.720085;-0.03477867;-0.05442257;-0.08939232;0.03739494;0.9938052,-0.4943795;0.9414017;0.2300762;0.03170252;0.1529592;0.6383188;0.7537556,-0.3914839;1.738153;0.6392257;-0.3055292;-0.7493454;-0.2430582;0.5348421
-0.2639306;1.7202;-0.0351761;-0.05409317;-0.0872607;0.03757613;0.9940058,-0.4949489;0.9414003;0.2300443;0.03170243;0.1529785;0.6383227;0.7537484,-0.3865703;1.738896;0.6406462;-0.3107177;-0.7432963;-0.2449365;0.5394174
-0.2648777;1.720352;-0.03571145;-0.05365276;-0.08477324;0.03777055;0.9942375,-0.4957914;0.9413986;0.229884;0.03170544;0.1529923;0.638325;0.7537436,-0.3814827;1.739647;0.6421608;-0.3150751;-0.7373376;-0.2457216;0.5446851
-0.2657147;1.720464;-0.03627861;-0.05331601;-0.08248363;0.03764454;0.994453,-0.496384;0.9413971;0.2297469;0.03171086;0.1530048;0.6383262;0.7537398,-0.3742373;1.739322;0.6430663;-0.3189847;-0.7312338;-0.2456634;0.5506319
-0.2664017;1.72058;-0.03690244;-0.05299232;-0.08020938;0.03709291;0.9946771,-0.4973082;0.9413954;0.2294639;0.03174229;0.1530531;0.6383268;0.7537281,-0.3703651;1.739411;0.6440147;-0.3213366;-0.7269467;-0.2451066;0.5551702
-0.2667955;1.720746;-0.0378219;-0.05271246;-0.07768158;0.03598421;0.9949332,-0.4982905;0.9413958;0.229016;0.03189743;0.1532445;0.6383216;0.7536871,-0.3646767;1.739583;0.6451474;-0.3250656;-0.7198833;-0.2431894;0.5629915
-0.2672484;1.720751;-0.03849903;-0.05279855;-0.07516415;0.03496999;0.9951582,-0.4992489;0.9413998;0.2284466;0.03257844;0.1540005;0.6382544;0.7535608,-0.3576099;1.739615;0.6463568;-0.3289327;-0.7123899;-0.2407766;0.5712535
-0.2677485;1.720652;-0.03915873;-0.0532207;-0.07218631;0.03392789;0.9953922,-0.5001801;0.9414032;0.22804;0.034447;0.1560192;0.6379366;0.7533314,-0.3512607;1.739691;0.647531;-0.3328325;-0.7047908;-0.2378812;0.5795731
-0.2683109;1.720246;-0.04039357;-0.05488337;-0.06545915;0.0324564;0.995816,-0.5012413;0.9413931;0.2274434;0.03919294;0.1612378;0.6367589;0.7529969,-0.3407493;1.739676;0.6496205;-0.3401248;-0.6914581;-0.2310637;0.5939785
-0.2687491;1.720113;-0.04099819;-0.05569493;-0.06206956;0.03209586;0.9959997,-0.5015119;0.9413817;0.2271945;0.04214321;0.1645149;0.6358971;0.752857,-0.3329789;1.739485;0.6501975;-0.3456615;-0.6823068;-0.2260192;0.6032338
-0.2691878;1.720019;-0.04161122;-0.05631257;-0.05875765;0.03166249;0.9961797,-0.5015301;0.9413676;0.2272626;0.04502827;0.1677315;0.6350101;0.7527289,-0.3266277;1.739226;0.651063;-0.3521751;-0.6722829;-0.2209917;0.6125122
-0.269462;1.719888;-0.04226251;-0.05679491;-0.05559725;0.03127998;0.9963458,-0.5014697;0.9413576;0.2273214;0.04688796;0.1698164;0.6344193;0.752646,-0.3205947;1.738926;0.651974;-0.3591248;-0.6617817;-0.2177438;0.621017
-0.2697785;1.719877;-0.04289347;-0.05676954;-0.05254829;0.03079873;0.9965277,-0.5013673;0.9413427;0.2274285;0.04960316;0.1728667;0.6335557;0.7525051,-0.3171759;1.73856;0.6523788;-0.3635733;-0.6554679;-0.2165024;0.6255422
-0.2700784;1.720102;-0.04355137;-0.05608439;-0.04954958;0.03030452;0.9967352,-0.5012856;0.9413278;0.2276475;0.05215405;0.1757105;0.6327974;0.7523119,-0.3101202;1.737835;0.6528512;-0.3685329;-0.6483088;-0.2161848;0.6301933
-0.2701492;1.720318;-0.0441865;-0.05562482;-0.04666811;0.02968328;0.9969187,-0.501228;0.9413156;0.2283339;0.05464229;0.1783914;0.6321761;0.7520267,-0.3053764;1.737333;0.6528675;-0.3703995;-0.643845;-0.2174153;0.6332445
-0.2700909;1.72047;-0.04484087;-0.05554507;-0.04361828;0.02896346;0.9970824,-0.5004311;0.9413045;0.2290701;0.05688831;0.1806989;0.631738;0.7516773,-0.3005601;1.737089;0.6533991;-0.3691588;-0.6408223;-0.2205932;0.6359302
-0.2701944;1.720342;-0.04533167;-0.05615971;-0.04107317;0.02845183;0.9971708,-0.4990216;0.9412936;0.2298092;0.05898218;0.1827919;0.6314195;0.7512773,-0.2950155;1.735251;0.6533442;-0.364403;-0.6390921;-0.2220584;0.6398921
-0.2703497;1.720155;-0.0457561;-0.0568618;-0.03876033;0.02790231;0.9972391,-0.4981872;0.9412833;0.2302273;0.06031641;0.1840954;0.6312317;0.7510109,-0.2922879;1.734405;0.6531237;-0.3607168;-0.6382704;-0.2222688;0.6427215
-0.2704631;1.719955;-0.0461584;-0.05756626;-0.03658807;0.02735693;0.9972959,-0.4971663;0.9412636;0.2305139;0.06228487;0.1859705;0.6309228;0.7506478,-0.289591;1.734684;0.6521606;-0.3562304;-0.6374111;-0.2221585;0.6461058
-0.2700618;1.719801;-0.04667497;-0.05820288;-0.03476738;0.02687837;0.9973371,-0.4958391;0.9412406;0.2309539;0.06420112;0.1877447;0.6305296;0.7503749,-0.2857265;1.733828;0.6503904;-0.3537007;-0.6379609;-0.2220676;0.6469836
-0.2699092;1.719698;-0.04705837;-0.05858486;-0.03311414;0.02645062;0.9973824,-0.4948793;0.9412202;0.2312292;0.06544815;0.1888751;0.6301994;0.7502609,-0.2834678;1.733162;0.6489154;-0.3531616;-0.6386724;-0.2222327;0.6465191
-0.2700345;1.719476;-0.0476913;-0.05910981;-0.02946234;0.02560592;0.997488,-0.4931482;0.9411383;0.2319004;0.06910208;0.1920513;0.6289093;0.7502095,-0.2783486;1.732085;0.6434188;-0.3524927;-0.6436136;-0.2246174;0.6411377
-0.2699476;1.719446;-0.04811943;-0.0593356;-0.02734759;0.02522627;0.9975445,-0.4928191;0.9411142;0.2321694;0.07025664;0.1930242;0.6284496;0.7502378,-0.2737476;1.729831;0.6398606;-0.3518002;-0.6485683;-0.2270648;0.6356394
-0.2700837;1.719304;-0.04841905;-0.05971488;-0.02504596;0.02491847;0.9975901,-0.4919102;0.9410657;0.2325427;0.07252212;0.19488;0.6276234;0.7502341,-0.270622;1.728192;0.6358364;-0.3511372;-0.6525611;-0.2284166;0.6314211
-0.2703269;1.719146;-0.04864368;-0.0601383;-0.02286977;0.02476296;0.9976208,-0.4914255;0.9410375;0.2327594;0.07364498;0.195807;0.6272752;0.7501745,-0.2691779;1.72699;0.6328925;-0.3507203;-0.6550077;-0.2286159;0.6290429
-0.2703466;1.719007;-0.04887767;-0.06054474;-0.02077271;0.0247609;0.9976421,-0.4905621;0.9409878;0.2331267;0.07551563;0.197415;0.6267783;0.7499825,-0.2672556;1.724979;0.6282516;-0.34982;-0.6592236;-0.2283809;0.6252139
-0.2700078;1.718861;-0.04909967;-0.06103725;-0.01895852;0.02471698;0.9976493,-0.4894037;0.9409289;0.2336286;0.07762337;0.1993257;0.6262015;0.7497437,-0.2633587;1.720348;0.6216989;-0.3482792;-0.6644747;-0.2277175;0.6207411
-0.2698491;1.718655;-0.04926077;-0.06149462;-0.0174343;0.02452919;0.9976537,-0.4879057;0.9408661;0.2342024;0.07983011;0.2014597;0.6254883;0.7495369,-0.2615449;1.717791;0.6178076;-0.3467537;-0.6684015;-0.2271772;0.6175693
-0.2698534;1.718481;-0.04940104;-0.06175382;-0.01604546;0.02408686;0.9976717,-0.4874167;0.940819;0.2343567;0.0813538;0.2030057;0.6249059;0.7494417,-0.2581142;1.713225;0.6104245;-0.3428916;-0.6765536;-0.2258607;0.6112999
-0.2693933;1.718318;-0.04963695;-0.06191967;-0.01251671;0.02281286;0.9977419,-0.4856741;0.9406447;0.2350235;0.08588906;0.2078585;0.6227779;0.7493768,-0.2520906;1.704022;0.5984691;-0.3376074;-0.6877872;-0.2222004;0.60299
-0.2693677;1.718278;-0.04979604;-0.06193774;-0.0106629;0.02226954;0.9977746,-0.4842625;0.9405552;0.2356764;0.08799589;0.2102863;0.6216663;0.749378,-0.2486568;1.697921;0.591336;-0.3348852;-0.6942037;-0.2195783;0.5980958
-0.2694051;1.718191;-0.04996216;-0.0621107;-0.008639461;0.02190296;0.9977915,-0.4836816;0.9404967;0.2359773;0.08926828;0.2118638;0.6210242;0.7493156,-0.2464318;1.69357;0.5864007;-0.3330496;-0.698208;-0.2184374;0.5948686
-0.2694748;1.718104;-0.05012438;-0.06233172;-0.006427373;0.02167929;0.9977993,-0.4828324;0.9404132;0.2364452;0.09095743;0.2142194;0.6202402;0.749092,-0.2421021;1.684361;0.5770497;-0.3298591;-0.7038041;-0.2179454;0.5902141
-0.2694714;1.718099;-0.05028513;-0.06240198;-0.004320221;0.02170171;0.9978058,-0.4819593;0.9403372;0.2369404;0.09235123;0.2165361;0.6196228;0.7487664,-0.2382641;1.676463;0.5690197;-0.3260214;-0.708769;-0.2189298;0.5860259
-0.2693762;1.7181;-0.0504381;-0.06243843;-0.002389609;0.02176904;0.9978085,-0.4809283;0.940271;0.2375616;0.09354477;0.2188534;0.6190718;0.7484001,-0.2346779;1.668255;0.5606821;-0.3214917;-0.7133482;-0.2215909;0.5819578
-0.2691888;1.71821;-0.05059938;-0.06233133;-0.0006516426;0.02182604;0.9978166,-0.4797692;0.9402273;0.2384177;0.09456164;0.2209729;0.6185457;0.7480844,-0.2312704;1.659824;0.5522879;-0.3163458;-0.7175668;-0.2259819;0.577889
-0.267829;1.71851;-0.05105516;-0.06203019;0.002295558;0.02195608;0.9978302,-0.4779627;0.9402446;0.2399947;0.09613931;0.2242178;0.617449;0.7478237,-0.2236681;1.642766;0.5351149;-0.3057185;-0.7243642;-0.2359217;0.5711164
-0.2671932;1.718663;-0.05128592;-0.06166929;0.003660125;0.02193005;0.997849,-0.4764931;0.9402579;0.2408903;0.09706873;0.2260367;0.6166582;0.7478086,-0.2197299;1.633111;0.5259562;-0.2983325;-0.7281187;-0.2420428;0.5676763
-0.2667389;1.718873;-0.05152082;-0.06100008;0.005119316;0.02172488;0.9978882,-0.475466;0.9402632;0.2414408;0.09800464;0.2278265;0.6158047;0.7478467,-0.2152152;1.622403;0.5160379;-0.2910272;-0.7313576;-0.2469806;0.5651724
-0.2658084;1.71899;-0.0518436;-0.06028974;0.006905432;0.02152334;0.997925,-0.4749394;0.9402942;0.2418304;0.09861627;0.2289924;0.6152376;0.7478771,-0.2122986;1.615319;0.5095357;-0.286453;-0.7332556;-0.2495061;0.5639395
-0.2645232;1.718968;-0.052287;-0.05933091;0.008777832;0.02133664;0.9979717,-0.4741565;0.940325;0.2427665;0.09957226;0.2308;0.6143953;0.7478871,-0.2070455;1.60144;0.4967;-0.2782949;-0.7363549;-0.2535113;0.562197
-0.2637221;1.718928;-0.05266511;-0.05813913;0.01073378;0.02102507;0.9980294,-0.4722548;0.9403562;0.2434149;0.1005024;0.2325346;0.6136808;0.747812,-0.20305;1.590744;0.4868504;-0.2730987;-0.7385432;-0.2571408;0.560223
-0.2629274;1.718867;-0.05300283;-0.05716479;0.01262728;0.02077891;0.9980686,-0.4709705;0.9403709;0.2439903;0.1014956;0.234349;0.6130892;0.7475967,-0.1992352;1.581503;0.4788124;-0.2696997;-0.7399658;-0.2606193;0.5583818
-0.2614278;1.718942;-0.05358544;-0.05625661;0.01437098;0.02064044;0.9980995,-0.4695278;0.9403889;0.2443507;0.1025451;0.2362805;0.6126087;0.7472393,-0.1943616;1.570182;0.4693338;-0.2644207;-0.7412983;-0.2676291;0.5558175
-0.2601659;1.718829;-0.05401848;-0.05534837;0.01601204;0.02062341;0.9981257,-0.4678141;0.9404028;0.2442713;0.1032724;0.2376663;0.6123144;0.7469407,-0.191197;1.562685;0.4631146;-0.2605745;-0.7412823;-0.2733769;0.5548572
-0.2589032;1.718712;-0.05436146;-0.05394519;0.01746157;0.02079007;0.9981747,-0.4652975;0.9404336;0.2448;0.1044079;0.2398683;0.6118773;0.746437,-0.1847058;1.545962;0.4495938;-0.2522829;-0.7388148;-0.2858441;0.555697
-0.2572666;1.718741;-0.05472897;-0.05225911;0.01876602;0.0208381;0.9982398,-0.4631836;0.9404631;0.2454388;0.1055679;0.2420942;0.6114361;0.7459167,-0.1806395;1.535008;0.4400609;-0.2463142;-0.7355288;-0.2949729;0.5579585
-0.2555132;1.718776;-0.05508388;-0.05063102;0.01978397;0.02064119;0.9983081,-0.461234;0.9404823;0.2462147;0.1068288;0.2443346;0.6110165;0.7453504,-0.1780621;1.527742;0.4339422;-0.2431371;-0.7332811;-0.3003092;0.559462
-0.2538182;1.718713;-0.05537497;-0.048916;0.02087484;0.01996904;0.9983851,-0.4587086;0.9405125;0.2470231;0.1082495;0.2467342;0.6106387;0.7446641,-0.1740254;1.516952;0.4249246;-0.2394078;-0.7303923;-0.3071712;0.561121
-0.2523523;1.718652;-0.05559383;-0.04737399;0.02201972;0.01934868;0.9984471,-0.4568622;0.9405307;0.2476077;0.1092571;0.2484283;0.6103809;0.7441649,-0.1686647;1.504757;0.4132427;-0.2360103;-0.7282641;-0.3131558;0.5620178
-0.2504319;1.718673;-0.05583823;-0.04555468;0.02333372;0.01851041;0.9985178,-0.454515;0.940554;0.2482993;0.1108682;0.2511947;0.6099151;0.7433795,-0.1640892;1.493589;0.4037203;-0.2322353;-0.7266254;-0.3191905;0.5623164
-0.2487011;1.718646;-0.05609243;-0.04374196;0.02462244;0.01771123;0.9985824,-0.452029;0.9405728;0.248827;0.1126032;0.2541569;0.6093423;0.7425811,-0.1611347;1.486478;0.3974741;-0.2296391;-0.7255044;-0.3234466;0.562398
-0.2470596;1.718683;-0.05633597;-0.04179377;0.02600854;0.0170153;0.9986427,-0.4495148;0.940589;0.2490308;0.1144229;0.2571748;0.6087353;0.7417613,-0.1570247;1.476459;0.3887418;-0.2260462;-0.7234819;-0.3302557;0.5625018
-0.2450956;1.718784;-0.05654405;-0.04008305;0.02712893;0.01677844;0.9986871,-0.4478637;0.9405986;0.2490797;0.1157016;0.2591704;0.608309;0.7412179,-0.1529862;1.466865;0.3800206;-0.2237465;-0.7213666;-0.3366469;0.5623493
-0.2425247;1.718973;-0.05674873;-0.03873621;0.02789632;0.01709811;0.9987137,-0.4453186;0.94061;0.2490875;0.1176194;0.2619553;0.6076946;0.7404407,-0.1490985;1.457621;0.3716913;-0.2233804;-0.7194738;-0.3401895;0.5627875
-0.2401825;1.718958;-0.05682959;-0.03786851;0.02827652;0.01747701;0.9987297,-0.4421723;0.9406236;0.2489465;0.1195603;0.2646142;0.6070964;0.7396747,-0.1439011;1.447335;0.3650252;-0.223693;-0.718246;-0.3408587;0.5638255
-0.2380368;1.719019;-0.05685193;-0.0368574;0.02850562;0.01773304;0.9987565,-0.4394701;0.9406314;0.248897;0.1214023;0.2670591;0.6064398;0.7390343,-0.1395204;1.436898;0.3571813;-0.2237745;-0.7167174;-0.3410342;0.5656297
-0.2356663;1.719226;-0.05690926;-0.03549577;0.02869647;0.01774037;0.9988002,-0.4377259;0.9406344;0.248862;0.1225968;0.268623;0.6059051;0.7387088,-0.1355922;1.426716;0.3492577;-0.2233132;-0.7147983;-0.342091;0.5675986
-0.2310826;1.719737;-0.05701114;-0.03229669;0.02922703;0.01639059;0.9989164,-0.4321862;0.9406297;0.2486678;0.1256071;0.2722597;0.6043683;0.7381304,-0.1266969;1.409105;0.3355031;-0.22486;-0.7105018;-0.3451275;0.5705369
-0.2288964;1.719948;-0.05709687;-0.03031011;0.02980636;0.01518235;0.9989807,-0.4294581;0.9406298;0.2485738;0.1269621;0.2736442;0.6037883;0.7378612,-0.122165;1.400265;0.3284637;-0.2281874;-0.7077703;-0.3462066;0.5719553
-0.2263768;1.720037;-0.05738081;-0.02826939;0.03020821;0.01453522;0.999038,-0.4267903;0.9406317;0.2484344;0.1283474;0.2749594;0.603326;0.7375107,-0.116738;1.389751;0.3209082;-0.2330128;-0.7064726;-0.3448285;0.5724463
-0.2238581;1.720155;-0.0574365;-0.02671383;0.03036404;0.01464243;0.9990746,-0.4248922;0.9406332;0.2481608;0.1293914;0.275933;0.6030166;0.7372175,-0.1122293;1.380801;0.3135378;-0.2400111;-0.7078194;-0.3394527;0.5711026
-0.2211766;1.720181;-0.05731642;-0.02580253;0.03029181;0.01515658;0.9990931,-0.4211388;0.9406304;0.2477484;0.1318137;0.2782454;0.6022609;0.7365368,-0.1080529;1.371472;0.3059599;-0.2478061;-0.7116425;-0.3317861;0.5675166
-0.2184687;1.720244;-0.05705671;-0.02482237;0.03027688;0.01525272;0.9991169,-0.4192626;0.9406272;0.2475948;0.1332254;0.2796836;0.6017413;0.7361627,-0.1052057;1.365079;0.3012437;-0.2525631;-0.7144661;-0.3272521;0.5644964
-0.2156148;1.720405;-0.05665872;-0.02367576;0.03012914;0.01505834;0.9991521,-0.416352;0.9406196;0.2474867;0.1354772;0.2820635;0.6007639;0.7356418,-0.0992427;1.354536;0.29377;-0.2582497;-0.7167677;-0.323797;0.5609874
-0.2101236;1.720986;-0.0563112;-0.01984065;0.0304118;0.01367243;0.999247,-0.4132793;0.9406067;0.2475605;0.137807;0.2846287;0.5995657;0.7351985,-0.08918048;1.337267;0.2833006;-0.2672258;-0.7073038;-0.3316604;0.5641926
-0.2069353;1.721069;-0.05607559;-0.01753178;0.03069031;0.01232743;0.9992992,-0.4061413;0.9405869;0.2475037;0.1425375;0.290341;0.5969656;0.7341779,-0.08290714;1.327299;0.2789325;-0.2724432;-0.6956634;-0.3406865;0.5707538
-0.2013936;1.72145;-0.05565642;-0.01307704;0.03062163;0.01139817;0.9993805,-0.4007307;0.9405855;0.2474703;0.146102;0.2956111;0.5950216;0.7329513,-0.07570945;1.314316;0.2729608;-0.2832527;-0.6749775;-0.3516378;0.5835446
-0.198164;1.721601;-0.05533012;-0.01123766;0.02995661;0.01207046;0.9994152,-0.398812;0.9405969;0.2474608;0.1472959;0.2977507;0.5943853;0.7323624,-0.07214016;1.306334;0.2692712;-0.2894723;-0.6672259;-0.3516276;0.589384
-0.1915627;1.721949;-0.05472715;-0.006583629;0.0271296;0.0150934;0.9994963,-0.3919281;0.9407275;0.2475332;0.1499447;0.3035442;0.5929428;0.7306137,-0.06582779;1.293065;0.2607167;-0.2945478;-0.6659853;-0.3432648;0.5931901
-0.1886586;1.722261;-0.0545501;-0.00329448;0.02563321;0.01537816;0.9995477,-0.3867778;0.9408675;0.2478044;0.1508203;0.3056755;0.5925974;0.7298248,-0.06231603;1.284793;0.2565082;-0.2941605;-0.6697658;-0.3362569;0.5931398
-0.1851082;1.722999;-0.05429107;0.0006140429;0.02406489;0.01499339;0.9995978,-0.3838272;0.9409878;0.2481885;0.1512982;0.306727;0.5925323;0.7293373,-0.06003458;1.2789;0.2539782;-0.2925693;-0.6719919;-0.3325602;0.5934928
-0.1818222;1.723642;-0.05407791;0.00432032;0.02265113;0.01416436;0.9996338,-0.3784258;0.9413778;0.2481764;0.1519698;0.308073;0.5925952;0.7285788,-0.05449479;1.265923;0.2488783;-0.2874869;-0.6716925;-0.3316066;0.5968396
-0.1788099;1.723773;-0.05383751;0.006976727;0.02131287;0.01342193;0.9996584,-0.3728707;0.9419956;0.2480226;0.1527377;0.3094452;0.5927744;0.7276905,-0.0521258;1.259974;0.2468634;-0.2834885;-0.668344;-0.3351401;0.6005263
-0.1757842;1.723814;-0.05350284;0.008905402;0.01999415;0.01309572;0.9996747,-0.3680454;0.9424286;0.2476503;0.1537763;0.3111944;0.5929849;0.7265535,-0.04993839;1.254358;0.2450794;-0.2789242;-0.662683;-0.3417435;0.6051975
-0.1691349;1.72373;-0.05256543;0.01106303;0.01737722;0.01411962;0.9996881,-0.3604111;0.9430581;0.2466345;0.1568309;0.3163865;0.5926743;0.7239066,-0.0409776;1.23273;0.2402545;-0.2637654;-0.6340511;-0.3766066;0.6217512
-0.1659961;1.723751;-0.05224333;0.01233453;0.01604342;0.01495716;0.9996833,-0.3582985;0.94321;0.2464469;0.1579918;0.3186585;0.5921102;0.723119,-0.03835221;1.226888;0.2389909;-0.2602244;-0.6266489;-0.3855126;0.6252795
-0.1628013;1.724026;-0.0518305;0.01424145;0.01475272;0.01545359;0.9996703,-0.3553275;0.9433851;0.2461443;0.1597292;0.322327;0.5908732;0.7221223,-0.03469369;1.218497;0.2369478;-0.2562805;-0.6184882;-0.3953808;0.6288615
-0.1564561;1.724975;-0.05119736;0.01978747;0.01237209;0.01537495;0.9996094,-0.3491757;0.9437492;0.2459266;0.1628346;0.3292756;0.5879925;0.7206438,-0.024644;1.19843;0.2310731;-0.2525975;-0.6110297;-0.4048472;0.6316139
-0.1534781;1.725302;-0.05105978;0.02229243;0.01135288;0.01513125;0.9995725,-0.3459038;0.9439702;0.2457596;0.1640247;0.3322595;0.5867892;0.7199848,-0.02128642;1.192041;0.2292843;-0.2508976;-0.6093338;-0.4064851;0.6328765
-0.1465909;1.725823;-0.05043542;0.02563396;0.009245345;0.01509796;0.9995146,-0.3402481;0.944589;0.2452719;0.1654328;0.3365906;0.5854205;0.7187639,-0.01191968;1.171858;0.2245479;-0.2379635;-0.5983762;-0.4142669;0.643197
-0.1436774;1.725821;-0.05024482;0.02675707;0.008389316;0.01512983;0.9994923,-0.3379028;0.9449749;0.2451484;0.1658169;0.3381421;0.5850753;0.7182281,-0.007608978;1.162818;0.2233369;-0.2274146;-0.5862939;-0.4225389;0.652689
-0.1407675;1.725898;-0.04993992;0.02783098;0.007629823;0.01491846;0.9994722,-0.334473;0.9454645;0.2449669;0.1662159;0.3403343;0.5847027;0.7174035,-0.003701542;1.154785;0.2228169;-0.216519;-0.5687185;-0.4350516;0.6636333
-0.1378975;1.726262;-0.04943511;0.02912256;0.007033336;0.01436953;0.9994478,-0.3293183;0.9461606;0.2451832;0.1665014;0.3431724;0.584337;0.7162822,0.001591906;1.144922;0.222212;-0.207765;-0.5469431;-0.4513053;0.673803
-0.1350714;1.726456;-0.04927158;0.03076217;0.006586648;0.01364273;0.9994119,-0.3265044;0.9467286;0.2456367;0.1665644;0.3445847;0.5841686;0.7157267,0.005178106;1.140468;0.2218877;-0.2040797;-0.5314502;-0.4632238;0.6792172
-0.1292697;1.726825;-0.04888642;0.03434955;0.006045176;0.01154716;0.9993249,-0.3178209;0.9481459;0.246912;0.166687;0.3487876;0.5837356;0.7140135,0.01591855;1.127799;0.2210297;-0.2024167;-0.4883594;-0.4984698;0.6870666
-0.1262331;1.726944;-0.04857998;0.03587709;0.005748832;0.01064103;0.999283,-0.3128909;0.9488597;0.2477863;0.1668898;0.3510814;0.5835673;0.7129788,0.02282998;1.120413;0.2193805;-0.2032765;-0.470327;-0.5147606;0.6873811
-0.120655;1.72688;-0.04858777;0.03781563;0.005207141;0.009169235;0.9992291,-0.3052218;0.9499751;0.2489248;0.1676592;0.3558206;0.5832413;0.7107122,0.03274935;1.109291;0.218503;-0.2007119;-0.4422143;-0.5414008;0.6863283
-0.1148377;1.726959;-0.04833688;0.03890354;0.004501871;0.008017195;0.9992007,-0.2949512;0.9512834;0.2501206;0.1691896;0.3630352;0.5826297;0.7071937,0.04586219;1.096227;0.2174346;-0.1888539;-0.4084902;-0.5715584;0.6861421
-0.1120976;1.726857;-0.04841667;0.0392746;0.004180802;0.007270107;0.9991933,-0.2914872;0.951755;0.2505843;0.1697772;0.3657165;0.5823289;0.7059178,0.04999842;1.092841;0.2175413;-0.1845972;-0.3984651;-0.5794311;0.6865925
-0.1093199;1.7268;-0.0484604;0.03973008;0.003794187;0.00639901;0.9991828,-0.2863722;0.9523711;0.251208;0.1705564;0.3696887;0.5818259;0.7040734,0.05584182;1.088283;0.2176937;-0.1799363;-0.3859471;-0.5879788;0.6877126
-0.1037637;1.72687;-0.04840534;0.04086316;0.003253;0.004423956;0.9991497,-0.2757817;0.953825;0.2530534;0.1716554;0.3769198;0.5809311;0.7007031,0.06857849;1.077079;0.2155036;-0.1770655;-0.3677566;-0.5953947;0.6920319
-0.101205;1.726875;-0.04867129;0.04148808;0.002847708;0.003467757;0.9991289,-0.2713339;0.9544739;0.253547;0.172079;0.3799649;0.5805619;0.6992592,0.07381336;1.072808;0.2151408;-0.1765552;-0.3591096;-0.5971581;0.6951769
-0.09852714;1.726987;-0.04875917;0.04217914;0.002460606;0.002505566;0.9991039,-0.2686317;0.9548447;0.2536631;0.1723601;0.3818112;0.5803225;0.6983824,0.07721782;1.070117;0.2151083;-0.1758802;-0.352543;-0.5988141;0.6972814
-0.09595183;1.727162;-0.0488452;0.04272697;0.002119129;0.001277455;0.9990838,-0.2643118;0.9554257;0.2540693;0.1727947;0.3844567;0.5799509;0.6971313,0.08356284;1.06477;0.2136483;-0.1744003;-0.3415596;-0.6025139;0.6999276
-0.09350737;1.727182;-0.04914229;0.04309205;0.001854156;6.337264E-05;0.9990694,-0.2601883;0.9560897;0.2545509;0.1733052;0.3870319;0.5795216;0.6959356,0.08916021;1.060858;0.2135211;-0.17232;-0.3295099;-0.6076601;0.701768
-0.08834852;1.727004;-0.04952629;0.04299518;0.001275449;-0.002144878;0.9990722,-0.2531454;0.9569478;0.2544956;0.1746066;0.392086;0.57854;0.693594,0.1003937;1.053075;0.2132628;-0.1655793;-0.3038721;-0.6207268;0.7035223
-0.0858772;1.726873;-0.04977372;0.04273044;0.001106034;-0.003156368;0.9990811,-0.2508358;0.9571482;0.2545117;0.1750294;0.3936718;0.5782299;0.6928474,0.1041829;1.050615;0.212869;-0.1626213;-0.2955579;-0.6252344;0.7037627
-0.08371982;1.726715;-0.05013959;0.04238005;0.001200201;-0.004131897;0.9990923,-0.2474175;0.9574133;0.2545019;0.1755045;0.3958635;0.5778054;0.6918318,0.1092339;1.047731;0.2133535;-0.1582634;-0.2845208;-0.6308318;0.7043095
-0.08124014;1.726501;-0.05051617;0.042148;0.001201716;-0.005143531;0.9990974,-0.2440764;0.9576699;0.2544746;0.1757146;0.3976836;0.5774692;0.6910148,0.1139094;1.045321;0.2139111;-0.1551046;-0.2762553;-0.6340511;0.7054111
-0.07863691;1.726263;-0.05098491;0.04204864;0.001293232;-0.005944963;0.999097,-0.2404651;0.9579446;0.2546436;0.1757014;0.39911;0.577204;0.690417,0.119165;1.042521;0.2118956;-0.1534482;-0.2714303;-0.6348354;0.7069394
-0.07637968;1.726115;-0.051474;0.04188365;0.001316675;-0.006671245;0.9990994,-0.2378447;0.9580994;0.254838;0.1756163;0.3998352;0.577059;0.6901404,0.1221995;1.04089;0.2114207;-0.1525808;-0.2691596;-0.6346421;0.7081679
-0.07428832;1.726039;-0.0519473;0.04177986;0.00130294;-0.007395343;0.9990986,-0.2346033;0.9583623;0.2551341;0.1754742;0.4006126;0.576897;0.6898611,0.1263968;1.038652;0.2112229;-0.1508803;-0.266256;-0.6339475;0.7102489
-0.0717708;1.725958;-0.05234678;0.04164018;0.001204705;-0.008184205;0.9990984,-0.2293079;0.9589736;0.2558549;0.1753897;0.4025651;0.5765845;0.6890067,0.1328651;1.036095;0.213144;-0.1461314;-0.2589779;-0.6335853;0.7142449
-0.06747775;1.725691;-0.0532461;0.04092841;0.0008028321;-0.009594276;0.9991157,-0.2258128;0.9590156;0.2555749;0.1751887;0.4025314;0.5764436;0.6891952,0.1386199;1.032122;0.2091903;-0.1411899;-0.2556472;-0.6321173;0.717731
-0.06307448;1.72551;-0.05427428;0.03985708;0.000214499;-0.01083326;0.9991466,-0.2206144;0.9604119;0.2561101;0.1721845;0.4122962;0.5707197;0.6889437,0.1456306;1.027202;0.2073923;-0.1325864;-0.2486168;-0.6289918;0.724555
-0.06105721;1.72539;-0.05475691;0.03932062;-0.0001134109;-0.01133631;0.9991624,-0.2161086;0.9636645;0.2592795;0.1688382;0.4219103;0.5645053;0.6890712,0.1495272;1.023987;0.2062925;-0.1268105;-0.2457425;-0.6250029;0.7300009
-0.05732943;1.725291;-0.05582464;0.03869802;-0.0008965883;-0.012118;0.9991771,-0.2113104;0.9676021;0.2651477;0.1638193;0.4388407;0.5527586;0.6892315,0.1541012;1.020241;0.2063863;-0.1150351;-0.2459671;-0.6133873;0.7416354
-0.05558328;1.725369;-0.05639683;0.03852867;-0.001318624;-0.01266661;0.9991764,-0.2090375;0.9684185;0.2658919;0.1624618;0.4468378;0.5468386;0.6891369,0.157158;1.01706;0.2039069;-0.1060124;-0.2490171;-0.6041456;0.7495065
-0.05226726;1.725211;-0.057327;0.03755031;-0.001807905;-0.01417868;0.9991925,-0.2045842;0.971171;0.2690706;0.1626794;0.4554283;0.5400905;0.6887835,0.1611361;1.012218;0.2026066;-0.08510648;-0.2556666;-0.5851482;0.7648485
-0.05074346;1.725132;-0.05773438;0.03696331;-0.001896688;-0.01501196;0.9992021,-0.2023935;0.9718587;0.270555;0.1632413;0.4560029;0.5395347;0.6887059,0.1623088;1.010797;0.2025976;-0.0779967;-0.2566933;-0.5800215;0.7691555
-0.04928784;1.725076;-0.0581439;0.03637991;-0.001892958;-0.01583364;0.9992108,-0.1955297;0.9723935;0.2740555;0.16387;0.4556282;0.5396864;0.6886859,0.1650587;1.006825;0.1999033;-0.06777231;-0.256571;-0.5739703;0.7746847
-0.04802769;1.724966;-0.0585102;0.03569863;-0.00182095;-0.01631664;0.9992278,-0.1945169;0.9725751;0.2740223;0.1640601;0.4553016;0.5398945;0.6886935,0.1671813;1.003936;0.1994004;-0.05808321;-0.2543476;-0.5699071;0.7791916
-0.04672915;1.72479;-0.05880612;0.03491656;-0.001727408;-0.01662874;0.9992504,-0.1938588;0.9725885;0.2738461;0.1640994;0.4552088;0.5399593;0.6886946,0.1691328;1.001211;0.1993384;-0.04866304;-0.2502426;-0.567674;0.782788
-0.04557734;1.724582;-0.05909723;0.03410495;-0.00159241;-0.01647891;0.9992812,-0.1929601;0.9725806;0.2718973;0.1641827;0.4549981;0.5401177;0.6886897,0.1720397;0.9964474;0.1965553;-0.03924526;-0.244723;-0.5670007;0.7855448
-0.04429286;1.724519;-0.05948956;0.03363358;-0.001585171;-0.01633034;0.9992996,-0.1921838;0.972542;0.2702073;0.1645506;0.4540582;0.5408484;0.6886489,0.1735411;0.9939591;0.1959241;-0.03291735;-0.240421;-0.5673513;0.7869096
-0.04312719;1.724538;-0.05995311;0.0333807;-0.001637036;-0.01636531;0.9993074,-0.1908629;0.9718875;0.2678413;0.1659983;0.45064;0.5435693;0.6884044,0.1756391;0.99055;0.1955602;-0.02328953;-0.2332027;-0.568947;0.7882726
-0.04211112;1.724608;-0.0605074;0.0333057;-0.001728734;-0.01650416;0.9993075,-0.1894724;0.9707719;0.2655074;0.1675294;0.4476162;0.5460954;0.6880069,0.1776033;0.9873012;0.1954678;-0.01369067;-0.2254466;-0.5715133;0.7888973
-0.04106462;1.72477;-0.06100447;0.03341721;-0.001924616;-0.01664884;0.999301,-0.1881332;0.9698067;0.2630825;0.1688782;0.4455899;0.5479168;0.6875443,0.1805554;0.981177;0.1919449;-0.004146278;-0.2175676;-0.5746943;0.7889068
-0.0400249;1.724881;-0.06140368;0.03341585;-0.002216704;-0.01680639;0.9992978,-0.1870658;0.9692602;0.2616;0.1698046;0.4445828;0.5488876;0.6871936,0.1826424;0.9771704;0.1911369;0.005347937;-0.2099477;-0.5782483;0.7883669
-0.03918813;1.724978;-0.06172234;0.03330297;-0.002604502;-0.01676883;0.9993013,-0.1856717;0.9684218;0.259423;0.1711981;0.4433836;0.5500695;0.6866775,0.1838877;0.9745884;0.1907507;0.01163688;-0.2052244;-0.5806527;0.7877753
-0.0385206;1.724954;-0.06201247;0.03301292;-0.00316455;-0.01652971;0.9993132,-0.1843295;0.9676698;0.257387;0.1726435;0.442363;0.551127;0.6861255,0.186267;0.9684504;0.1883483;0.02121645;-0.1987647;-0.5841138;0.7866724
-0.0375517;1.724935;-0.06240048;0.03266755;-0.003748862;-0.01626877;0.9993268,-0.1831939;0.9668668;0.2553138;0.1739943;0.4414418;0.5521195;0.6855795,0.1883861;0.963249;0.1864801;0.03118533;-0.1932072;-0.5872472;0.7853912
-0.0365688;1.724956;-0.06282358;0.03237184;-0.004449429;-0.01588123;0.9993398,-0.1822525;0.9663631;0.253784;0.1748052;0.440868;0.5527394;0.6852427,0.1894491;0.9601282;0.1857792;0.03810556;-0.1901051;-0.5891321;0.7844305
-0.03543912;1.725135;-0.06340581;0.03235707;-0.005443758;-0.01546041;0.999342,-0.1808581;0.9656058;0.2515718;0.1758811;0.440051;0.5535938;0.6848029,0.1908004;0.9547259;0.1858687;0.05253391;-0.1860998;-0.5922416;0.782213
-0.034429;1.725305;-0.06399454;0.03235389;-0.0063476;-0.015184;0.999341,-0.1794381;0.9646999;0.2488859;0.1768713;0.4392102;0.5544177;0.6844208,0.1933283;0.9480364;0.1829655;0.05981348;-0.1852648;-0.5932721;0.7811067
-0.03350368;1.725431;-0.06455404;0.0322227;-0.007270094;-0.01506979;0.9993407,-0.1781655;0.9635495;0.2460108;0.1777583;0.4382905;0.5552448;0.68411,0.1951258;0.9421285;0.1811569;0.07085148;-0.1848192;-0.5945202;0.7793381
-0.03272305;1.725493;-0.06506278;0.03194256;-0.008061356;-0.01504731;0.9993439,-0.1773855;0.9627657;0.2441069;0.1783346;0.4375615;0.5558382;0.6839448,0.1960392;0.9382032;0.1803811;0.078436;-0.1846875;-0.5953779;0.7779869
-0.03204777;1.725483;-0.06557526;0.0315637;-0.008867622;-0.01500626;0.9993498,-0.1764585;0.9615515;0.2412984;0.1791326;0.4362914;0.5567663;0.6837929,0.1983261;0.9283431;0.1780834;0.09286487;-0.18424;-0.5973124;0.775016
-0.03139663;1.725469;-0.06613567;0.03107568;-0.009556519;-0.01489863;0.9993603,-0.1758628;0.9603509;0.2387038;0.1798436;0.4347827;0.5577626;0.6837553,0.2000902;0.9217167;0.1766873;0.1034959;-0.1835307;-0.5986885;0.7727724
-0.03001726;1.725282;-0.06707421;0.02991045;-0.01104483;-0.01431332;0.9993891,-0.1747581;0.9583657;0.2343462;0.1806982;0.4309902;0.5599278;0.6841611,0.2020867;0.9117975;0.1761242;0.1177414;-0.1823304;-0.6013491;0.7689421
-0.02935615;1.725162;-0.06757183;0.02935059;-0.01193;-0.01382238;0.9994024,-0.1745094;0.9578696;0.2335562;0.1805796;0.4290976;0.5608515;0.6846253,0.2033066;0.9053923;0.1760315;0.1245504;-0.1823243;-0.6027849;0.7667434
-0.02861029;1.725186;-0.06819338;0.02909032;-0.01289516;-0.01333586;0.9994047,-0.1741576;0.9573828;0.2329306;0.1797109;0.4253907;0.56249;0.685822,0.2041506;0.8997805;0.1765482;0.1303449;-0.182943;-0.6038409;0.7647995
-0.02785628;1.725231;-0.06886569;0.02888761;-0.01398744;-0.01296152;0.9994008,-0.1737904;0.9570886;0.2325291;0.1778902;0.4207443;0.5643737;0.6876131,0.2046588;0.8958464;0.1770308;0.1342916;-0.1836718;-0.6043816;0.7635139
-0.02647356;1.72534;-0.07024397;0.02828557;-0.01611019;-0.0122565;0.9993949,-0.1731505;0.9567597;0.2317904;0.1735768;0.4117434;0.5678948;0.6912553,0.2071909;0.8892069;0.1734411;0.1448288;-0.1856322;-0.6057569;0.7600158
-0.02585987;1.72528;-0.07093796;0.02761869;-0.01693666;-0.01208605;0.999402,-0.1728375;0.9566285;0.2312673;0.1708253;0.4061904;0.5703202;0.6932265,0.2076532;0.889132;0.1722801;0.1489966;-0.1854842;-0.6069949;0.7582563
-0.02522597;1.72509;-0.07164533;0.02667516;-0.01774154;-0.01199188;0.9994148,-0.1725507;0.9565278;0.2306971;0.1680367;0.4007078;0.5731057;0.6947998,0.2077599;0.8891008;0.172221;0.1524779;-0.1847764;-0.6084644;0.7565576
-0.02463816;1.724877;-0.07234325;0.02572774;-0.01841178;-0.01184219;0.9994293,-0.1722383;0.9564465;0.2300971;0.1656263;0.3952584;0.5760945;0.6960272,0.2078177;0.8894716;0.1705135;0.1545104;-0.1841919;-0.6094533;0.7554911
-0.02411813;1.724592;-0.07300256;0.02468326;-0.01897637;-0.01160476;0.9994478,-0.1718527;0.956364;0.2294535;0.1640163;0.3898733;0.5790526;0.6969904,0.2074465;0.8895795;0.1689139;0.1568473;-0.1833104;-0.6108364;0.7541056
-0.02361714;1.724365;-0.07355283;0.02380115;-0.019612;-0.01135912;0.9994598,-0.171445;0.9562222;0.2288762;0.1627409;0.3843645;0.5819864;0.6979048,0.2065096;0.8898504;0.1686416;0.1583832;-0.1825307;-0.61218;0.7528833
-0.02314541;1.724221;-0.07401222;0.02294412;-0.02022474;-0.01110912;0.9994704,-0.1712019;0.9560913;0.2285456;0.1619752;0.3805047;0.5839229;0.6985803,0.2057988;0.890022;0.1686692;0.15913;-0.1820982;-0.6130649;0.75211
-0.02270034;1.724267;-0.07445574;0.02229701;-0.02078553;-0.0109119;0.9994757,-0.1712309;0.9556608;0.2276923;0.1606066;0.3741669;0.5868137;0.6998959,0.2044342;0.8908314;0.1680153;0.159651;-0.1818268;-0.6140087;0.7512949
-0.02232035;1.724308;-0.0749331;0.02163897;-0.02120255;-0.01094684;0.9994811,-0.1710883;0.9547073;0.2263726;0.1586048;0.3669129;0.5896715;0.7017884,0.2035969;0.8914053;0.1679987;0.1597479;-0.181836;-0.6144896;0.7508789
-0.02196612;1.724308;-0.07537619;0.02087005;-0.02162567;-0.01103485;0.9994874,-0.1709889;0.9540641;0.2255908;0.155933;0.3588214;0.5924823;0.7041994,0.2026615;0.8922299;0.1679255;0.1597338;-0.1819606;-0.6148434;0.750562
-0.02167189;1.724318;-0.07567003;0.02001265;-0.02195031;-0.01096927;0.9994986,-0.1716313;0.9535856;0.2242873;0.1540095;0.3532421;0.5942474;0.705954,0.2000557;0.894824;0.1678581;0.1595051;-0.1825501;-0.6154594;0.7499623
-0.0214204;1.724411;-0.07601275;0.01913602;-0.02217555;-0.01093209;0.9995112,-0.1733884;0.9529856;0.2228607;0.1513881;0.3453685;0.5965011;0.7085116,0.1978509;0.8964339;0.1692601;0.1593121;-0.1830304;-0.6157869;0.7496173
-0.0211643;1.724548;-0.07635087;0.01822929;-0.02238541;-0.01091207;0.9995236,-0.1746211;0.9527609;0.2222539;0.1494825;0.3386858;0.598188;0.7107166,0.196254;0.8975626;0.1704552;0.1591321;-0.1833771;-0.6160475;0.7493566
-0.02099443;1.724667;-0.07669172;0.01719928;-0.02253075;-0.01084227;0.9995394,-0.1751844;0.952728;0.2219126;0.1486712;0.3349986;0.5990649;0.7118946,0.1945677;0.8987046;0.1718657;0.1588858;-0.1837227;-0.6163942;0.7490392
-0.02076513;1.724609;-0.07701869;0.01632544;-0.02272932;-0.01080701;0.99955,-0.1758314;0.9526936;0.2211674;0.1480464;0.3309273;0.5999238;0.7132046,0.1931942;0.8995643;0.1710604;0.1580293;-0.1843683;-0.6173484;0.7482754
-0.02054143;1.724484;-0.07740658;0.01577235;-0.02291577;-0.01081954;0.9995545,-0.1774309;0.9524618;0.2196063;0.14781;0.3276392;0.6002941;0.7144591,0.1922337;0.900416;0.1697965;0.1570149;-0.1847956;-0.6182716;0.7476211
-0.02031251;1.724458;-0.07779996;0.01554532;-0.02311042;-0.01079638;0.9995538,-0.1791516;0.952006;0.2180778;0.1477886;0.3268437;0.6002215;0.7148888,0.1914996;0.9011221;0.1691931;0.1561407;-0.1850297;-0.6189624;0.7471745
-0.02010803;1.724494;-0.07821726;0.01546567;-0.0232597;-0.01074161;0.9995521,-0.1807789;0.9514206;0.2165804;0.1477508;0.3262736;0.5999738;0.7153647,0.1907194;0.9018391;0.168713;0.1551104;-0.185176;-0.6197276;0.7467183
-0.01986963;1.724596;-0.0786203;0.01560101;-0.0234128;-0.01069362;0.999547,-0.1816506;0.9510915;0.2159769;0.1477153;0.3259978;0.5997547;0.7156814,0.1911061;0.902294;0.1642898;0.1526961;-0.1851073;-0.6214008;0.745842
-0.01969751;1.724676;-0.07902861;0.01571341;-0.02347538;-0.01076173;0.999543,-0.1833309;0.9506869;0.2151283;0.1476582;0.3255062;0.5992082;0.7163745,0.1903388;0.9027085;0.1632371;0.1507257;-0.1847425;-0.6227797;0.7451829
-0.01959197;1.724689;-0.07933645;0.01559568;-0.02347601;-0.01096033;0.9995427,-0.1841002;0.9505652;0.2147424;0.1476875;0.3253239;0.5988881;0.7167187,0.1900808;0.9028639;0.1628937;0.1500806;-0.1845753;-0.6232414;0.7449684
-0.01961471;1.724594;-0.07941289;0.01534537;-0.02334376;-0.0112962;0.9995459,-0.1853137;0.9504061;0.2142165;0.1478272;0.3250507;0.5983605;0.7172544,0.1894531;0.9032291;0.1611506;0.1473401;-0.1836614;-0.6253955;0.7439355
-0.01965147;1.724472;-0.07964108;0.01493564;-0.02304308;-0.01172956;0.9995541,-0.1864972;0.950213;0.2138493;0.1480994;0.3248489;0.5978133;0.7177458,0.1891634;0.9033681;0.1597002;0.1453383;-0.1828508;-0.6271666;0.7430372
-0.01968295;1.724461;-0.07995658;0.01472415;-0.02272529;-0.01197162;0.9995617,-0.1875546;0.9500197;0.2134128;0.1484928;0.3247123;0.5973047;0.7181497,0.1886049;0.9034917;0.1587106;0.1434315;-0.18197;-0.6290641;0.7420194
-0.0197979;1.72443;-0.08018181;0.01455525;-0.02222775;-0.01206652;0.9995742,-0.1883784;0.9498095;0.2128034;0.1490004;0.3245832;0.596798;0.7185241,0.1879953;0.9036008;0.1579129;0.1417164;-0.1811101;-0.6309981;0.7409164
-0.01991687;1.724465;-0.08039317;0.01462612;-0.02169556;-0.01199407;0.9995857,-0.1888502;0.9496613;0.2124606;0.1493977;0.324518;0.5964549;0.7187558,0.1882078;0.9036403;0.156207;0.1407666;-0.1806354;-0.6321143;0.7402616
-0.02013458;1.724657;-0.08073615;0.01497484;-0.02097617;-0.0117762;0.9995984,-0.1895327;0.9494072;0.2119767;0.1500841;0.3243745;0.5958968;0.7191404,0.1877279;0.9037038;0.155379;0.1395005;-0.1799949;-0.633719;0.7392846
-0.02031108;1.724895;-0.08108691;0.01532767;-0.02032093;-0.01164547;0.9996082,-0.1900051;0.949226;0.2114983;0.1505792;0.3242564;0.5955014;0.7194177,0.1870984;0.9037506;0.1548326;0.1385251;-0.1794279;-0.6351879;0.7383447
-0.02058078;1.725199;-0.08128612;0.01575704;-0.01967229;-0.01145908;0.9996167,-0.1908311;0.9489784;0.2106586;0.1513721;0.3240342;0.594847;0.7198926,0.18641;0.9037829;0.1544003;0.1378825;-0.1789718;-0.6364744;0.7374673
-0.02071575;1.725411;-0.08154595;0.01597735;-0.01920343;-0.01134615;0.9996235,-0.1919169;0.9487969;0.2098454;0.1522654;0.3237953;0.5940725;0.720451,0.1862847;0.9037887;0.154084;0.137766;-0.1788728;-0.6367805;0.7372487
-0.02088628;1.725489;-0.08187513;0.01578951;-0.0187196;-0.0113302;0.9996359,-0.193151;0.9486989;0.209069;0.1533961;0.323639;0.5931124;0.7210722,0.185245;0.9037483;0.153667;0.1375822;-0.1786664;-0.637882;0.7363805
